Topic,Words,Frequency,Timestamp,Global_Representation
-1,"1950er jahren, späten 1950er, armstrongs, 1959, zahlen zahlen",1116,1955-1959,Rauschen
0,"if forget, trummy, mag liebe, must dreaming, oooh",8,1955-1959,Zerrissene Selbstreflexion
1,"späten 1950er, frühen rock, bop, mambo, roll ära",148,1955-1959,Kollektiver Tanzrausch
2,"raining, ida, wetterphänomen, drip, äußere wetter",19,1955-1959,Regen als Trauermotiv
3,"weihnachtsmanns, claus, santa claus, merry christmas, weihnachtszeit",41,1955-1959,Weihnachtslieder
4,"money honey, mort, konsumgesellschaft, got plenty, voo",40,1955-1959,Konsumkritik
5,"luigi, prima, immigrantenerfahrung, traums risiko, over numbers",1,1955-1959,"Luxus, Gewalt, Kriminalität"
6,"maybellene, cumberland, corey, maybelline, gap",18,1955-1959,Autofahren als Freiheitsmotiv
7,"romantische ideologie, 1950er jahren, späten 1950er, simple tief, klassisches liebeslied",276,1955-1959,Ewige Liebesbindung
8,"eisenbahn, choo, lokomotive, zugfahrt, choo choo",38,1955-1959,Der Zug als Metapher für das Voranschreiten
9,"heaven have, zeuge täter, wahrsager, get yours, cry cry",7,1955-1959,Zerrissene Psyche
10,"gläubigen, christlichen, christlicher, vertrauen göttliche, ave",66,1955-1959,Göttliche Gegenwart
11,"down below, captured, witch, tender trap, feuer genährt",10,1955-1959,Feuer als Motiv der Leidenschaft
12,"earth angel, angel eyes, himmlisches, lucky devil, angel child",10,1955-1959,Engelsmotive
13,"draft, sünder, afrika, feindseligkeiten, minuet",11,1955-1959,Gesellschaftskritik und Krieg
14,"signorina, vermont, blue moon, moonglow, dream little",71,1955-1959,Mondmotive und Liebe
15,"good morning, africa, morgengrußes, chipmunks, happy days",10,1955-1959,Solidarität und Kollektivität
16,"seemanns, avalon, kapitän, seemann, waterfront",55,1955-1959,Motive des Meeres
17,"lonely street, casa, somewhere along, way home, wiederaufbaus",44,1955-1959,Heimat und Zugehörigkeit
18,"späten 1950er, 1950er jahren, schlichten eindringlichen, unerwiderter, klassisches beispiel",446,1955-1959,Unerwiderte Liebe
19,"jahr 1955, 1955, como, kulturelles echo, ve lived",25,1955-1959,Selbstermächtigung und Resilienz
21,"bethlehem, hirten, christi, neugeborenen, inkarnation",31,1955-1959,Christlicher Glaube
22,"tina, 1950er jahren, verführerin, judy, violine",58,1955-1959,Toxische Liebesabhängigkeit
23,"basin street, basin, südens, mississippi, creole",31,1955-1959,Sehnsucht nach Amerika
24,"sorry now, who sorry, way now, plead, 1950er jahren",23,1955-1959,Befreiung aus toxischer Beziehung
25,"never saw, blue skies, capistrano, schwalben, saw things",29,1955-1959,Fliegen als Freiheitsmotiv 
26,"morgenstern, arriba, liebe alltägliche, choo, irdisch",103,1955-1959,Liebe als Transzendentes
27,"tic, almost grown, emotionales bekenntnis, tic tic, bindung kind",9,1955-1959,Eltern‑Kind Bindung
28,"one baby, kind poet, more road, barkeepers, baby one",4,1955-1959,Alkohol und Einsamkeit
29,"fool such, such as, torheit, there fool, coquette",40,1955-1959,Naivität in der Liebe
30,"domino, fats domino, fats, please come, honky tonkin",39,1955-1959,Das Telefon als Sehnsuchtsmotiv
31,"späten 1950er, 1950er jahren, frühen rock, beispiel jugendliche, jugendlicher verliebtheit",330,1955-1959,Jugendliche Liebesballade
32,"toyland, thursday child, thursday, columbus, armstrongs",18,1955-1959,Nostalgie der Jugend
33,"schnees, let snow, nutzt winterliche, overcoat, off with",12,1955-1959,Winter als Liebesmetapher
34,"zärtliches wiegenlied, small one, day zärtliches, little ve, sleep little",7,1955-1959,Schlaflieder
35,"kartoffeln, rattle, charlie brown, rattle roll, shake rattle",23,1955-1959,Technokratische Dystopie und Systemkritik
36,"diamonds sky, moral kälte, preis verrats, rays life, bezeichnet selbstüberschätzung",2,1955-1959,Edelsteine als Motiv für Beständigkeit
37,"snoop, track provokanten, konstruiert rohen, definiert jagd, if dog",1,1955-1959,Westküsten‑Gangsta‑Identität
38,"gambler, spielers, losing hand, glücksspiels, sweet bouquet",13,1955-1959,Glücksspiel als Metapher für das Leben
39,"america, peas, uncle sam, general, uncle",24,1955-1959,Amerikanische Identität und Kolonialismus
40,"side by, career, yea, 1957 melancholisches, ll try",32,1955-1959,Bedingungslose Unterstützung in Beziehungen
41,"st louis, blues klassisches, singing blues, sing blues, blues blues",44,1955-1959,Blues als Ausdruck von Schmerz
42,"cowboys, davy, utah, pferdes, wilden westens",33,1955-1959,Amerikanischer Western‑Mythos
43,"autumn, laubs, herabfallenden, autumn leaves, fallenden blätter",51,1955-1959,Jahreszeiten als Motiv des Wandels
45,"sylvie, riverside, down by, fontäne, by riverside",14,1955-1959,Wasser als Motiv
46,"späten 1950er, freddy, lollipop, 1950er jahren, frühen rock",73,1955-1959,Begierde und körperliche Verführung
48,"los los, honky, honky tonk, tonk, harlem",40,1955-1959,Urbanes Stadtporträt
49,"indigo, mood indigo, farbe blau, been blue, ain been",21,1955-1959,Blau als Symbol der Melancholie
50,"legion, schaukelstuhls, bah, running wild, bah dah",9,1955-1959,Flucht als Motiv der Bewältigung
51,"jodeln, beep, goldmine, lazy afternoon, blu",25,1955-1959,Eskapismus: Die Flucht in Reise- und Sehnsuchtsorte
55,"st louis, from st, came long, address, way from",5,1955-1959,"Glamour, Ruhm, Illusion"
56,"silent night, holy night, heavenly peace, weihnachtsbotschaft, alleluia",11,1955-1959,Weihnachten und Gott
57,"yip, yip yip, fé, roly poly, roly",21,1955-1959,Satirische Gesellschaftskritik
58,"veilchen, korallen, willies, tahiti, barbara",15,1955-1959,Natur als Liebesmetapher
59,"gefall, re dead, crummy, glad when, ll glad",9,1955-1959,Symbol der Verstellung und Schutzmechanismen
60,"miss someone, still miss, baby cold, längst vorbei, cold outside",4,1955-1959,Die Metaphorik der Kälte als emotionale Distanz
62,"schmetterlings, abschneiden flügel, würdest, summen unaufhörliche, verletzt größer",2,1955-1959,Schmetterlingsmetaphorik über Wandel und neue Freiheit
64,"jingle, white christmas, sleigh, christmases, weihnachtskarten",10,1955-1959,Weihnachten und Winter
-1,"zahlen zahlen, gig, frühen 1960er, surfen, surf",2189,1960-1964,Rauschen
0,"watching watch, how know, maybe last, bald headed, stayed away",53,1960-1964,Zerrissene Selbstreflexion
1,"chubby, checker, chubby checker, tanzkultur, limbo",280,1960-1964,Kollektiver Tanzrausch
2,"äußere wetter, regentropfen, nutzt regens, rainin, lili",50,1960-1964,Regen als Trauermotiv
3,"weihnachtszeit, merry christmas, weihnachtsfest, claus, santa claus",100,1960-1964,Weihnachtslieder
4,"greenback dollar, geld liebe, greenback, woolworth, can buy",79,1960-1964,Konsumkritik
6,"hot rod, motors, rod, surf, fortbewegungsmittel",72,1960-1964,Autofahren als Freiheitsmotiv
7,"klassisches liebeslied, romantische ideologie, liebe allumfassende, vorstellung liebe, überschwängliches",503,1960-1964,Ewige Liebesbindung
8,"choo, eisenbahn, trouble mind, choo choo, lokomotive",66,1960-1964,Der Zug als Metapher für das Voranschreiten
9,"everything happens, buked, arrow, broken arrow, anybody but",28,1960-1964,Zerrissene Psyche
10,"gläubigen, christlichen, christlicher, christus, bekenntnis christlicher",94,1960-1964,Göttliche Gegenwart
11,"ohrringe, fiebers, verzehrende, romeo julia, golden earrings",27,1960-1964,Feuer als Motiv der Leidenschaft
12,"angel eyes, earth angel, little angel, anrede angel, reinheit schutz",25,1960-1964,Engelsmotive
13,"jim crow, crow, longest day, done gone, roddy",59,1960-1964,Gesellschaftskritik und Krieg
14,"blue moon, other words, mondlichts, allein traum, fly moon",100,1960-1964,Mondmotive und Liebe
15,"ally, pretoria, bürgerrechtsbewegung, oxen, marsch",37,1960-1964,Solidarität und Kollektivität
16,"seemanns, seemann, schiffes, maritime, sailor",97,1960-1964,Motive des Meeres
17,"shanty, steal away, limousine, somewhere along, 500 miles",65,1960-1964,Heimat und Zugehörigkeit
18,"schlichten eindringlichen, unerwiderter, unerfüllter liebe, unerwiderter liebe, eindringlichen porträt",1013,1960-1964,Unerwiderte Liebe
19,"optimistisches, make if, dream dream, tories, optimistisches manifest",50,1960-1964,Selbstermächtigung und Resilienz
20,"still dance, dialog energie, pride make, tieferen mentalen, pimple",1,1960-1964,Aggressive Selbstinszenierung
21,"hirten, bethlehem, noel, christi, geburt jesu",67,1960-1964,Christlicher Glaube
22,"verführerin, temptation, mimi, wind up, puppe",98,1960-1964,Toxische Liebesabhängigkeit
23,"kansas city, kansas, kentucky, südens, louisiana",63,1960-1964,Sehnsucht nach Amerika
24,"ever know, one ever, ll even, difference, no difference",76,1960-1964,Befreiung aus toxischer Beziehung
25,"blackbird, over rainbow, skylark, mockingbird, blauen vögel",86,1960-1964,Fliegen als Freiheitsmotiv 
26,"tenderly, right kind, augen geliebten, entfaltet liebe, beginning see",163,1960-1964,Liebe als Transzendentes
27,"mütterlicher fürsorge, wort mutter, schöner mann, oh papa, mother mine",17,1960-1964,Eltern‑Kind Bindung
28,"drinkin, polecat, thinking when, billy billy, alkohols",22,1960-1964,Alkohol und Einsamkeit
29,"torheit, win again, got bad, fools rush, coquette",97,1960-1964,Naivität in der Liebe
30,"baby baby, schlichten eindringlichen, jugendlicher verzweiflung, baby won, weep",98,1960-1964,Das Telefon als Sehnsuchtsmotiv
31,"jugendlicher verliebtheit, beispiel jugendliche, jahr 1964, verliebtheit frühen, frühen 1960er",601,1960-1964,Jugendliche Liebesballade
32,"mañana, toyland, karneval, circulate, young foolish",31,1960-1964,Nostalgie der Jugend
33,"let snow, snowfall, schnees, silhouetten, winterliche wetter",24,1960-1964,Winter als Liebesmetapher
34,"sandmann, nächtliches wiegenlied, sandman, sleepy, sogni",11,1960-1964,Schlaflieder
35,"rattle roll, shake rattle, rattle, busted, arbeiters",66,1960-1964,Technokratische Dystopie und Systemkritik
36,"silber gold, metalle, haars, ives, kostbarkeit",4,1960-1964,Edelsteine als Motiv für Beständigkeit
38,"kingpin, jackpot, lady luck, way ahead, heads win",17,1960-1964,Glücksspiel als Metapher für das Leben
39,"america, indigenen, union, südstaaten, mule",85,1960-1964,Amerikanische Identität und Kolonialismus
40,"ll around, stand by, happen again, mine hold, never near",72,1960-1964,Bedingungslose Unterstützung in Beziehungen
41,"blues klassisches, singing blues, blues genre, blues musikalisches, sing blues",55,1960-1964,Blues als Ausdruck von Schmerz
42,"cowboys, prärie, amerikanischen westens, dixie, laredo",66,1960-1964,Amerikanischer Western‑Mythos
43,"autumn, wein rosen, herbstes, laubs, autumn leaves",96,1960-1964,Jahreszeiten als Motiv des Wandels
45,"fountain, river entfaltet, water boy, münzen, tautropfen",30,1960-1964,Wasser als Motiv
46,"biene, sal, frühen 1960er, gal, verführerin",159,1960-1964,Begierde und körperliche Verführung
48,"broadway, los los, chinatown, wien, harlem",74,1960-1964,Urbanes Stadtporträt
49,"farbe blau, indigo, blue blue, samt, arme einst",50,1960-1964,Blau als Symbol der Melancholie
50,"dang, no vacancy, vacancy, mixed up, bad news",23,1960-1964,Flucht als Motiv der Bewältigung
51,"jess, caravan, einsiedler, karawane, trinidad",26,1960-1964,Eskapismus: Die Flucht in Reise- und Sehnsuchtsorte
52,"browns, mashed, potatoes, mashed potatoes, james browns",8,1960-1964,"Funk, Soul und Tanzkultur"
53,"fudge, intensiven konfrontation, umgebung hot, gegenübers verwirrung, erlangen nutzt",1,1960-1964,Hip‑Hop Machtdemonstration
55,"st louis, cornet, came long, dab, smack",11,1960-1964,"Glamour, Ruhm, Illusion"
56,"silent night, holy night, christi, heavenly peace, geburt christi",20,1960-1964,Weihnachten und Gott
57,"sneakers, heel sneakers, crisco, ivy league, heel",39,1960-1964,Satirische Gesellschaftskritik
58,"ramblin, rose steht, ramble, wildwood flower, wildwood",48,1960-1964,Natur als Liebesmetapher
59,"heiterkeit, masquerade, bitty, äußerer heiterkeit, great pretender",32,1960-1964,Symbol der Verstellung und Schutzmechanismen
60,"cold heart, cold cold, out cold, cold again, cold outside",22,1960-1964,Die Metaphorik der Kälte als emotionale Distanz
62,"schmetterling, fly by, by night, schmetterlinge, japanischen",3,1960-1964,Schmetterlingsmetaphorik über Wandel und neue Freiheit
64,"white christmas, jingle, sleigh, christmases, weihnachtskarten",33,1960-1964,Weihnachten und Winter
-1,"zahlen zahlen, gig, späten 1960er, 1969, monday",4134,1965-1969,Rauschen
0,"monolog sehnsucht, wirrer monolog, monolog erinnerung, monolog jungen, monolog resignation",426,1965-1969,Zerrissene Selbstreflexion
1,"boogaloo, jerk, tanzkultur, mitte 60er, körperliche bewegung",254,1965-1969,Kollektiver Tanzrausch
2,"rainy day, äußere wetter, regnerischen, regen steht, wetterphänomen",149,1965-1969,Regen als Trauermotiv
3,"weihnachtszeit, weihnachtsfest, merry christmas, weihnachtsmann, claus",104,1965-1969,Weihnachtslieder
4,"wohlhabenden, konsumgesellschaft, liebe geld, wohlstands, sale",199,1965-1969,Konsumkritik
5,"prince buster, capone, buster, al capone, tramp",4,1965-1969,"Luxus, Gewalt, Kriminalität"
6,"motors, mustang, beep, chauffeur, ride ride",95,1965-1969,Autofahren als Freiheitsmotiv
7,"romantische ideologie, liebe allumfassende, klassisches liebeslied, überschwängliches, unmittelbarkeit gefühls",641,1965-1969,Ewige Liebesbindung
8,"zugfahrt, eisenbahn, rattler, lokomotive, choo",110,1965-1969,Der Zug als Metapher für das Voranschreiten
9,"condition, good myself, just dropped, perhaps, baloney",118,1965-1969,Zerrissene Psyche
10,"gläubigen, christlichen, christi, christlicher, christus",95,1965-1969,Göttliche Gegenwart
11,"light fire, ring fire, heat wave, mire, down down",49,1965-1969,Feuer als Motiv der Leidenschaft
12,"yi, yi yi, little angel, star crossed, homeward",18,1965-1969,Engelsmotive
13,"ruben, eindringlicher protest, bevölkerung, truppen, soldiers",152,1965-1969,Gesellschaftskritik und Krieg
14,"moonshine, sommerliebe, other words, fly moon, mondlichts",89,1965-1969,Mondmotive und Liebe
15,"1969, späten 1960er, bürgerrechtsbewegungen, jahr 1969, manifest späten",144,1965-1969,Solidarität und Kollektivität
16,"kapitän, schiffes, seemann, maritime, seemanns",179,1965-1969,Motive des Meeres
17,"zuhause ort, unterwegssein, piney, wahre zuhause, heimweh",168,1965-1969,Heimat und Zugehörigkeit
18,"schlichten eindringlichen, unerwiderter, innenleben sehnsucht, unerfüllter liebe, heartaches",1802,1965-1969,Unerwiderte Liebe
19,"meditativer aufruf, vance, späten 1960er, edna, späten 60ern",162,1965-1969,Selbstermächtigung und Resilienz
20,"young hov, hov, shepherds, gesungenen worte, ignorieren oberflächlichkeit",2,1965-1969,Aggressive Selbstinszenierung
21,"bethlehem, hirten, christi, geburt jesu, geburt christi",29,1965-1969,Christlicher Glaube
22,"verführerin, hunter, verführers, medicine, verführerischen gefährlichen",244,1965-1969,Toxische Liebesabhängigkeit
23,"kansas city, kansas, südens, mississippi, kaliforniens",77,1965-1969,Sehnsucht nach Amerika
24,"reason believe, ex partners, like makes, befreiung toxischen, without somebody",216,1965-1969,Befreiung aus toxischer Beziehung
25,"blackbird, place sun, bluebird, born free, ast",206,1965-1969,Fliegen als Freiheitsmotiv 
26,"begegnung geliebten, anrede sunny, entfaltet liebe, one true, bouquet",282,1965-1969,Liebe als Transzendentes
27,"väterlicher, mütterlicher liebe, big boy, vater kind, mütterliche liebe",87,1965-1969,Eltern‑Kind Bindung
28,"weins, milwaukee, kneipe, red wine, alkohols",65,1965-1969,Alkohol und Einsamkeit
29,"torheit, hurting, win again, fool bezeichnet, surprise surprise",117,1965-1969,Naivität in der Liebe
30,"back baby, baby need, baby baby, wort baby, jugendlicher verzweiflung",173,1965-1969,Das Telefon als Sehnsuchtsmotiv
31,"jugendlicher verliebtheit, groovy, tex, jugendlicher leidenschaft, jahr 1965",884,1965-1969,Jugendliche Liebesballade
32,"friday child, rückblick unbeschwerte, toyland, belsize, daydream",125,1965-1969,Nostalgie der Jugend
33,"let snow, schnees, äußere kälte, frostigen, nutzt winterliche",53,1965-1969,Winter als Liebesmetapher
34,"dream sweet, zärtliches wiegenlied, sweet dreams, sandmann, sandman",25,1965-1969,Schlaflieder
35,"arbeiters, satisfaction, computer, arbeitswelt, big boss",284,1965-1969,Technokratische Dystopie und Systemkritik
36,"goldes, bleibt besitzt, gold naive, schluss over, bietet illusion",5,1965-1969,Edelsteine als Motiv für Beständigkeit
37,"snoopy, president, überschreiten konventionelle, rückt time, retten chance",1,1965-1969,Westküsten‑Gangsta‑Identität
38,"dealer, under thumb, spielers, puppet, kartenspiels",36,1965-1969,Glücksspiel als Metapher für das Leben
39,"america, arbeiters, hardy, weevil, amerikanischen traums",74,1965-1969,Amerikanische Identität und Kolonialismus
40,"reach out, zärtliches bekenntnis, hold comin, stand beside, stand by",154,1965-1969,Bedingungslose Unterstützung in Beziehungen
41,"born lose, blues musikalisches, blues genre, musikalisches genre, wort blues",58,1965-1969,Blues als Ausdruck von Schmerz
42,"cowboys, prärie, rodeo, wilden westens, amerikanischen westens",72,1965-1969,Amerikanischer Western‑Mythos
43,"autumn, herbstes, blättern, if go, catch wind",195,1965-1969,Jahreszeiten als Motiv des Wandels
45,"fluss steht, by river, wasserfalls, time coming, fluss fluss",64,1965-1969,Wasser als Motiv
46,"pussycat, yummy, biene, taste honey, sadie",243,1965-1969,Begierde und körperliche Verführung
48,"los los, broadway, honky, virginia, detroit",150,1965-1969,Urbanes Stadtporträt
49,"farbe blau, blau steht, misty blue, shade blue, indigo",73,1965-1969,Blau als Symbol der Melancholie
50,"jeannie, runaway, leary, down slow, most peculiar",154,1965-1969,Flucht als Motiv der Bewältigung
51,"shangri, shangri la, ballons, up away, up up",84,1965-1969,Eskapismus: Die Flucht in Reise- und Sehnsuchtsorte
52,"browns, james browns, licking, maceo, mashed",37,1965-1969,"Funk, Soul und Tanzkultur"
55,"st louis, from st, johns, wall street, village",14,1965-1969,"Glamour, Ruhm, Illusion"
56,"silent night, holy night, heavenly peace, weihnachtsbotschaft, sleep heavenly",11,1965-1969,Weihnachten und Gott
57,"zappa, zappas, frank zappa, oop, monkees",138,1965-1969,Satirische Gesellschaftskritik
58,"rose nutzt, ramblin, angelica, rose steht, blue lady",61,1965-1969,Natur als Liebesmetapher
59,"fifi, genauer, tracks tears, wanting things, wanting",74,1965-1969,Symbol der Verstellung und Schutzmechanismen
60,"cold cold, cold turkey, fels, cold heart, turkey",33,1965-1969,Die Metaphorik der Kälte als emotionale Distanz
62,"schmetterling, schmetterlings, mitch, schmetterlinge, naturkulisse verankert",11,1965-1969,Schmetterlingsmetaphorik über Wandel und neue Freiheit
64,"jingle, white christmas, jingle bells, sleigh, schnees",16,1965-1969,Weihnachten und Winter
-1,"zahlen zahlen, gig, siebziger jahren, frühen 1970er, 1971",4254,1970-1974,Rauschen
0,"monolog sehnsucht, wirrer monolog, monolog zerrissenheit, monolog verzweiflung, monolog erinnerung",679,1970-1974,Zerrissene Selbstreflexion
1,"bump, rockin, tanzkultur, jive, frühen 1970er",297,1970-1974,Kollektiver Tanzrausch
2,"rainy day, regen steht, regnerischen, rainmaker, äußere wetter",154,1970-1974,Regen als Trauermotiv
3,"weihnachtszeit, merry christmas, weihnachtsfest, claus, santa claus",89,1970-1974,Weihnachtslieder
4,"marktes, profit, kapitalistischen, künstlerischem anspruch, streben geld",164,1970-1974,Konsumkritik
5,"ali, spiv, tramp, hustler, daytime",14,1970-1974,"Luxus, Gewalt, Kriminalität"
6,"motors, rider, motorrad, fahrers, driver",163,1970-1974,Autofahren als Freiheitsmotiv
7,"überschwängliches, liebesmanifest, liebe allumfassende, wodurch liebe, unmittelbarkeit gefühls",643,1970-1974,Ewige Liebesbindung
8,"eisenbahn, railroad, zugfahrt, lokomotive, choo",122,1970-1974,Der Zug als Metapher für das Voranschreiten
9,"pilot, inneres gefängnis, selbstzerstörung verzweifelten, israel, mary anne",212,1970-1974,Zerrissene Psyche
10,"christlicher, gläubigen, christlichen, christus, bekenntnis christlicher",184,1970-1974,Göttliche Gegenwart
11,"light fire, ladder, fiebers, bösen augen, mr magic",52,1970-1974,Feuer als Motiv der Leidenschaft
12,"angel morning, angel eyes, bind, reinheit schutz, lili",29,1970-1974,Engelsmotive
13,"eindringlicher protest, bevölkerung, umweltzerstörung, ökologische, düsteres panorama",334,1970-1974,Gesellschaftskritik und Krieg
14,"arcadia, side moon, sommernacht, dark side, sommerliebe",67,1970-1974,Mondmotive und Liebe
15,"frühen 1970er, jah, tosh, kollektive gewissen, kollektives erwachen",343,1970-1974,Solidarität und Kollektivität
16,"kapitän, seemanns, schiffes, seemann, sail away",234,1970-1974,Motive des Meeres
17,"home again, going home, winding road, long winding, winding",207,1970-1974,Heimat und Zugehörigkeit
18,"innenleben sehnsucht, unerfüllter liebe, unerwiderter, still love, eindringlichen porträt",1381,1970-1974,Unerwiderte Liebe
19,"siebziger jahren, vermittelt optimistische, meditativer appell, ermutigt leben, botschaft leben",282,1970-1974,Selbstermächtigung und Resilienz
20,"tatorts, tatort, spiegel reale, viertel permanent, medialer fiktion",1,1970-1974,Aggressive Selbstinszenierung
21,"hirten, bethlehem, christi, geburt christi, inkarnation",28,1970-1974,Christlicher Glaube
22,"ida, yo yo, spinne, verführerischen zerstörerischen, voodoo",208,1970-1974,Toxische Liebesabhängigkeit
23,"kaliforniens, mississippi, louisiana, südens, kalifornischen",85,1970-1974,Sehnsucht nach Amerika
24,"wah, wah wah, reason believe, ex partners, hard live",156,1970-1974,Befreiung aus toxischer Beziehung
25,"adler, bluebird, nachtigall, blackbird, libelle",276,1970-1974,Fliegen als Freiheitsmotiv 
26,"are sunshine, entfaltet liebe, kraft geliebten, begegnung geliebten, speak softly",318,1970-1974,Liebe als Transzendentes
27,"väterlicher, mutter kind, knef, mütterliche fürsorge, alleinerziehenden",112,1970-1974,Eltern‑Kind Bindung
28,"alkohols, milwaukee, drinkin, kneipe, alcohol",80,1970-1974,Alkohol und Einsamkeit
29,"torheit, hurting, poor fool, hurts too, crazy heart",85,1970-1974,Naivität in der Liebe
30,"donna, anrufer, soon come, telefons, operator",99,1970-1974,Das Telefon als Sehnsuchtsmotiv
31,"frühen 1970er, jugendlicher verliebtheit, siebziger jahren, unsicherheit sängers, offenbaren tieferes",554,1970-1974,Jugendliche Liebesballade
32,"baby brother, nachdenklicher rückblick, best years, erwachsenseins, rückblick unbeschwerte",157,1970-1974,Nostalgie der Jugend
33,"let snow, schnees, madelaine, frostigen, mandy",29,1970-1974,Winter als Liebesmetapher
34,"sandmann, ragtime, sleepy, zärtliches wiegenlied, wiegenlieds",21,1970-1974,Schlaflieder
35,"arbeiters, frühen 1970er, arbeitswelt, bevölkerung, computer",395,1970-1974,Technokratische Dystopie und Systemkritik
36,"diamonds are, are forever, königswürde, what good, caress touch",5,1970-1974,Edelsteine als Motiv für Beständigkeit
38,"jack diamonds, schachspiel, würfel, kartenspiels, roulette",35,1970-1974,Glücksspiel als Metapher für das Leben
39,"america, indigenen, sheriff, cherokee, amerikanischen traums",140,1970-1974,Amerikanische Identität und Kolonialismus
40,"got friend, namen freundes, zärtliches bekenntnis, siebziger jahren, someone who",215,1970-1974,Bedingungslose Unterstützung in Beziehungen
41,"blues musikalisches, lovesick blues, blues klassisches, sung, musikalisches genre",52,1970-1974,Blues als Ausdruck von Schmerz
42,"cowboys, pferde, rodeo, outlaws, pferdes",105,1970-1974,Amerikanischer Western‑Mythos
43,"autumn, herbstes, zeit liebe, blüten, indian summer",146,1970-1974,Jahreszeiten als Motiv des Wandels
45,"sweet memories, down by, by river, levee, fluss steht",96,1970-1974,Wasser als Motiv
46,"biene, siebziger jahren, verführerin, frühen 1970er, bee",221,1970-1974,Begierde und körperliche Verführung
48,"los los, broadway, harlem, honky, tonk",193,1970-1974,Urbanes Stadtporträt
49,"mammy, no sunshine, farbe blau, indigo, ko",61,1970-1974,Blau als Symbol der Melancholie
50,"runaway, timothy, 60er frühen, bedrückende gefühl, hee",203,1970-1974,Flucht als Motiv der Bewältigung
51,"ballons, ballon, marianne, spaceman, raumfahrt",70,1970-1974,Eskapismus: Die Flucht in Reise- und Sehnsuchtsorte
52,"browns, james browns, make funky, hot pants, pants",63,1970-1974,"Funk, Soul und Tanzkultur"
53,"dream team, jacksons, basketball, jackie, fortschritt erstarrt",1,1970-1974,Hip‑Hop Machtdemonstration
55,"sweet jane, hollywoods, rodeo, showbusiness, patch",29,1970-1974,"Glamour, Ruhm, Illusion"
56,"silent night, holy night, heavenly peace, night holy, sleep heavenly",6,1970-1974,Weihnachten und Gott
57,"zappa, zappas, rocks off, glam rock, glam",107,1970-1974,Satirische Gesellschaftskritik
58,"ramblin, akropolis, rost, rose traditionell, barbara",45,1970-1974,Natur als Liebesmetapher
59,"masquerade, condition, smiling faces, exception, crippled",67,1970-1974,Symbol der Verstellung und Schutzmechanismen
60,"out cold, cold heart, cold cold, lonesome past, shackled",37,1970-1974,Die Metaphorik der Kälte als emotionale Distanz
62,"schmetterlings, schmetterling, schmetterlinge, as wind, free as",13,1970-1974,Schmetterlingsmetaphorik über Wandel und neue Freiheit
63,"alis, slaughter, wakelin, ali, hitman",3,1970-1974,Straßenleben und Gewalt
64,"jingle, white christmas, sleigh, schnees, weihnachtslied",18,1970-1974,Weihnachten und Winter
-1,"zahlen zahlen, gig, späten siebziger, 1979, laut laut",3829,1975-1979,Rauschen
0,"monolog sehnsucht, love monolog, monolog verzweiflung, monolog selbstzweifeln, monolog erinnerung",627,1975-1979,Zerrissene Selbstreflexion
1,"disco ära, späten siebziger, disco kultur, körperliche bewegung, tanzkultur",521,1975-1979,Kollektiver Tanzrausch
2,"äußere wetter, rainy day, regen steht, nutzt regens, wetterphänomen",118,1975-1979,Regen als Trauermotiv
3,"weihnachtszeit, merry christmas, weihnachtsmanns, weihnachtsfest, weihnachtsmann",66,1975-1979,Weihnachtslieder
4,"späten siebziger, model, bissiger, bissiger kommentar, konsumgesellschaft",254,1975-1979,Konsumkritik
5,"willi, collie, kraut, lady killer, flipper",26,1975-1979,"Luxus, Gewalt, Kriminalität"
6,"driver, motors, fortbewegungsmittel, beep, motorrad",171,1975-1979,Autofahren als Freiheitsmotiv
7,"überschwängliches, liebe allumfassende, liebesmanifest, unmittelbarkeit gefühls, leidenschaftliches bekenntnis",643,1975-1979,Ewige Liebesbindung
8,"zugfahrt, lokomotive, eisenbahn, choo, railroad",70,1975-1979,Der Zug als Metapher für das Voranschreiten
9,"breakdown, other voice, enten, intrusion, veronica",189,1975-1979,Zerrissene Psyche
10,"gläubigen, christlichen, christus, christlicher, christi",100,1975-1979,Göttliche Gegenwart
11,"light fire, verzehrend, körperliche erregung, fiebers, feuers steht",106,1975-1979,Feuer als Motiv der Leidenschaft
12,"angel eyes, wild angels, angelique, angela, fallen angel",46,1975-1979,Engelsmotive
13,"bevölkerung, düsteres panorama, babylon, volk, umweltzerstörung",214,1975-1979,Gesellschaftskritik und Krieg
14,"marianne, venedig, sommerromanze, moonshine, moon poetisches",72,1975-1979,Mondmotive und Liebe
15,"jah, tosh, rastafari, babylon, dillinger",255,1975-1979,Solidarität und Kollektivität
16,"sailing, kapitän, schiffes, seemann, sail away",209,1975-1979,Motive des Meeres
17,"going home, heimweh, zuhause ort, homesick, wahre zuhause",142,1975-1979,Heimat und Zugehörigkeit
18,"innenleben sehnsucht, unerfüllter liebe, selbstvorwurf, unerwiderter, ex partners",1396,1975-1979,Unerwiderte Liebe
19,"vermittelt optimistische, optimistische botschaft, botschaft resilienz, manifestes, winner",282,1975-1979,Selbstermächtigung und Resilienz
20,"horde, subkulturen, community, machtdemonstration, legitimer raum",2,1975-1979,Aggressive Selbstinszenierung
21,"bethlehem, hirten, inkarnation, weihnachtsgeschichte, geburt jesu",12,1975-1979,Christlicher Glaube
22,"verführerin, verführerischen gefährlichen, voodoo, too hot, dr love",307,1975-1979,Toxische Liebesabhängigkeit
23,"kaliforniens, mississippi, südens, cajun, kalifornischen",53,1975-1979,Sehnsucht nach Amerika
24,"ex partners, damage, wendepunkt erkennt, pierre, he always",189,1975-1979,Befreiung aus toxischer Beziehung
25,"adler, adlers, songbird, blanca, vögelchen",191,1975-1979,Fliegen als Freiheitsmotiv 
26,"entfaltet liebe, begegnung geliebten, überschwängliches, alltägliche hinausreicht, kosmische kraft",299,1975-1979,Liebe als Transzendentes
27,"anrede mama, mother love, mütterliche liebe, vater sohn, 36",68,1975-1979,Eltern‑Kind Bindung
28,"lucille, alkohols, weins, kneipe, mustang",83,1975-1979,Alkohol und Einsamkeit
29,"torheit, fool love, selbstbezeichnung fool, he love, cheatin",89,1975-1979,Naivität in der Liebe
30,"leitung, operator, telefons, telefonieren, need love",134,1975-1979,Das Telefon als Sehnsuchtsmotiv
31,"jugendlicher verliebtheit, späten siebziger, 1976, jugendlicher leidenschaft, jahr 1976",601,1975-1979,Jugendliche Liebesballade
32,"rückblick unbeschwerte, erwachsenseins, smurfs, lucky seven, cindy",109,1975-1979,Nostalgie der Jugend
33,"schnees, let snow, schneeflocken, frostigen, fallenden schnees",28,1975-1979,Winter als Liebesmetapher
34,"sandmann, slumbers, nächtliches wiegenlied, kind schlaf, sleep tight",19,1975-1979,Schlaflieder
35,"späten siebziger, arbeiters, kommentar entfremdung, siebziger frühen, information",460,1975-1979,Technokratische Dystopie und Systemkritik
36,"fool gold, goldes, stardom, weinen mond, löcher augen",16,1975-1979,Edelsteine als Motiv für Beständigkeit
38,"gambler, spielers, kartenspiel, dice, lady luck",67,1975-1979,Glücksspiel als Metapher für das Leben
39,"america, amerikanischen traums, kommentar amerikanischen, american dream, patriotische",121,1975-1979,Amerikanische Identität und Kolonialismus
40,"stand by, reach out, hold coming, schwierigen momenten, angebots",205,1975-1979,Bedingungslose Unterstützung in Beziehungen
41,"blues musikalisches, clyde, musikalisches genre, home blues, old blues",21,1975-1979,Blues als Ausdruck von Schmerz
42,"cowboys, rodeo, pferde, prärie, südens",99,1975-1979,Amerikanischer Western‑Mythos
43,"autumn, herbstes, summer gone, laubs, bekenntnis vergänglichkeit",95,1975-1979,Jahreszeiten als Motiv des Wandels
45,"flowing, nutzt flusses, fließen flusses, ambrosia, sandstorm",75,1975-1979,Wasser als Motiv
46,"späten siebziger, disco ära, trot, körperliche verlangen, bee",268,1975-1979,Begierde und körperliche Verführung
48,"los los, broadway, york city, honky, tonk",201,1975-1979,Urbanes Stadtporträt
49,"farbe blau, baby blue, indigo, blau taucht, blau steht",53,1975-1979,Blau als Symbol der Melancholie
50,"runaway, where gonna, desperate, loin, peppermint",175,1975-1979,Flucht als Motiv der Bewältigung
51,"shangri, shangri la, venus, spaceman, paradieses",95,1975-1979,Eskapismus: Die Flucht in Reise- und Sehnsuchtsorte
52,"browns, james browns, funk ära, spank, afro amerikanische",42,1975-1979,"Funk, Soul und Tanzkultur"
53,"sugarhill, master gee, weak spot, jibbit, gee",5,1975-1979,Hip‑Hop Machtdemonstration
55,"hollywoods, unterhaltungsindustrie, janie, showbusiness, sunset boulevard",38,1975-1979,"Glamour, Ruhm, Illusion"
56,"silent night, holy night, heavenly peace, night holy, mother child",10,1975-1979,Weihnachten und Gott
57,"zappa, zappas, zappa nutzt, späten siebziger, satirischer kommentar",183,1975-1979,Satirische Gesellschaftskritik
58,"rosie, rost, love rose, diamonds rust, gelben rosen",38,1975-1979,Natur als Liebesmetapher
59,"reputation, send clowns, masquerade, farce, want what",102,1975-1979,Symbol der Verstellung und Schutzmechanismen
60,"china doll, lotte, erkältung, chip away, hatschi",34,1975-1979,Die Metaphorik der Kälte als emotionale Distanz
62,"schmetterling, schmetterlings, schmetterlinge, frosch, zerbrechlichkeit schönheit",7,1975-1979,Schmetterlingsmetaphorik über Wandel und neue Freiheit
63,"tosh, cannabis, pflanze, legalize, legalisierung",2,1975-1979,Straßenleben und Gewalt
64,"white christmas, sleigh, jingle, sleigh ride, weihnachtskarten",7,1975-1979,Weihnachten und Winter
-1,"zahlen zahlen, gig, laut laut, 1982, frühen 1980er",4150,1980-1984,Rauschen
0,"monolog sehnsucht, monolog erinnerung, monolog verzweiflung, monolog zerrissenheit, monolog resignation",889,1980-1984,Zerrissene Selbstreflexion
1,"körperliche bewegung, tanzkultur, rockin, tänzer, disco ära",429,1980-1984,Kollektiver Tanzrausch
2,"regen steht, äußere wetter, regnerischen, raining, regens steht",120,1980-1984,Regen als Trauermotiv
3,"weihnachtsfest, weihnachtszeit, weihnachtsmanns, merry christmas, weihnachtsmann",51,1980-1984,Weihnachtslieder
4,"konsumgesellschaft, bissiger, bissiger kommentar, werbe, profit",262,1980-1984,Konsumkritik
5,"türkische, arcade, frankfurt, deutschland, alphabet",39,1980-1984,"Luxus, Gewalt, Kriminalität"
6,"motors, driver, fahrers, freiheit geschwindigkeit, fortbewegungsmittel",165,1980-1984,Autofahren als Freiheitsmotiv
7,"überschwängliches, liebe allumfassende, wodurch liebe, liebesmanifest, unmittelbarkeit gefühls",531,1980-1984,Ewige Liebesbindung
8,"zugfahrt, memphis, eisenbahn, choo, lokomotive",65,1980-1984,Der Zug als Metapher für das Voranschreiten
9,"inneres gefängnis, rescue, ungeheuer, blackout, closet",335,1980-1984,Zerrissene Psyche
10,"gläubigen, christlicher, christlichen, bekenntnis christlicher, christus",96,1980-1984,Göttliche Gegenwart
11,"with fire, körperliche erregung, steht intensive, light fire, temperatur",125,1980-1984,Feuer als Motiv der Leidenschaft
12,"angel eyes, fallen angel, earth angel, angela, schutzengel",52,1980-1984,Engelsmotive
13,"düsteres panorama, bevölkerung, eindringlicher protest, kalten krieges, frühen 1980er",490,1980-1984,Gesellschaftskritik und Krieg
14,"sommernacht, provence, venedig, sommerromanze, sommerliebe",86,1980-1984,Mondmotive und Liebe
15,"jah, rastafari, tosh, babylon, cliff",223,1980-1984,Solidarität und Kollektivität
16,"kapitän, sailing, seemann, atlantis, sail away",178,1980-1984,Motive des Meeres
17,"heimweh, this house, physischen ort, home again, england",144,1980-1984,Heimat und Zugehörigkeit
18,"innenleben sehnsucht, ex partners, porträt beziehung, zerbrechlichen beziehung, selbstvorwurf",1510,1980-1984,Unerwiderte Liebe
19,"vermittelt optimistische, optimistische botschaft, ermutigung, manifestes, durchhaltewillen",354,1980-1984,Selbstermächtigung und Resilienz
20,"dut, machtdemonstration, schleichst, contamination, mcs",6,1980-1984,Aggressive Selbstinszenierung
21,"bethlehem, hirten, inkarnation, christi, gläubigen",36,1980-1984,Christlicher Glaube
22,"verführerin, temptation, voodoo, verführerischen gefährlichen, prisoner",431,1980-1984,Toxische Liebesabhängigkeit
23,"südens, südstaaten, kaliforniens, atlanta, mardi",25,1980-1984,Sehnsucht nach Amerika
24,"ex partners, erdrückenden beziehung, ringen selbstbehauptung, enough enough, out door",223,1980-1984,Befreiung aus toxischer Beziehung
25,"adler, over rainbow, federn, adlers, blackbird",173,1980-1984,Fliegen als Freiheitsmotiv 
26,"entfaltet liebe, überschwängliches, venus, begegnung geliebten, liebe allumfassende",253,1980-1984,Liebe als Transzendentes
27,"14 tage, tri, teenage, 14, thirty",62,1980-1984,Eltern‑Kind Bindung
28,"bullfrog, quiche, benny, kneipe, louise",68,1980-1984,Alkohol und Einsamkeit
29,"torheit, goody, foolin, fool love, kind fool",125,1980-1984,Naivität in der Liebe
30,"leitung, anrufer, operator, telefons, anrufs",145,1980-1984,Das Telefon als Sehnsuchtsmotiv
31,"jugendlicher verliebtheit, 1983, jahr 1983, balladen, sehnsucht körperlicher",606,1980-1984,Jugendliche Liebesballade
32,"melancholischer rückblick, feel up, wilden jahre, kindsein, easy street",103,1980-1984,Nostalgie der Jugend
33,"let snow, chilly winds, spuren schnee, frostigen, love games",22,1980-1984,Winter als Liebesmetapher
34,"sandman, sandmanns, beautiful boy, harris, sandmann",5,1980-1984,Schlaflieder
35,"computer, frühen 1980er, arbeitswelt, kommentar entfremdung, maschinen",747,1980-1984,Technokratische Dystopie und Systemkritik
36,"gold steht, goldes, stay gold, gold entfaltet, gold gold",13,1980-1984,Edelsteine als Motiv für Beständigkeit
38,"kartenspiels, ace, spades, glücksspiels, roulette",64,1980-1984,Glücksspiel als Metapher für das Leben
39,"america, amerikanischen traums, kennedy, indigenen, american dream",164,1980-1984,Amerikanische Identität und Kolonialismus
40,"stand by, zärtliches bekenntnis, bekenntnis bedingungsloser, reach out, partner bereit",161,1980-1984,Bedingungslose Unterstützung in Beziehungen
41,"sung, blues klassisches, boy blues, young boy, felt more",29,1980-1984,Blues als Ausdruck von Schmerz
42,"cowboys, pferde, pferdes, reiter, reiters",61,1980-1984,Amerikanischer Western‑Mythos
43,"autumn, laterne, ende sommers, randy, herbstlichen",69,1980-1984,Jahreszeiten als Motiv des Wandels
45,"gewässer, huck, blue water, wobei wasser, fluss steht",73,1980-1984,Wasser als Motiv
46,"flirts, körperliche anziehung, erotische, erotischer, language",329,1980-1984,Begierde und körperliche Verführung
48,"los los, broadway, tonk, honky tonk, honky",141,1980-1984,Urbanes Stadtporträt
49,"farbe blau, blue blue, blue day, wort blue, nylon",49,1980-1984,Blau als Symbol der Melancholie
50,"runaway, nowhere run, running away, rebecca, keep running",284,1980-1984,Flucht als Motiv der Bewältigung
51,"xanadu, shangri, shangri la, alien, paradieses",79,1980-1984,Eskapismus: Die Flucht in Reise- und Sehnsuchtsorte
52,"browns, james browns, payback, popcorn, rapp",18,1980-1984,"Funk, Soul und Tanzkultur"
53,"frühen hip, hop kultur, mcs, sugarhill, sucker",23,1980-1984,Hip‑Hop Machtdemonstration
55,"hollywoods, unterhaltungsindustrie, honky tonk, honky, tonk",39,1980-1984,"Glamour, Ruhm, Illusion"
56,"silent night, holy night, night holy, christi, pure light",7,1980-1984,Weihnachten und Gott
57,"zappa, zappas, zappa nutzt, bissiger, frühen 1980er",287,1980-1984,Satirische Gesellschaftskritik
58,"blüht, ewige feuer, segel wind, rose entfaltet, rote rose",37,1980-1984,Natur als Liebesmetapher
59,"masquerade, pretender, mask, great pretender, bruce",117,1980-1984,Symbol der Verstellung und Schutzmechanismen
60,"eisbär, emotionaler erstarrung, cold outside, icehouse, baby cold",74,1980-1984,Die Metaphorik der Kälte als emotionale Distanz
62,"schmetterlings, schmetterling, papillon, schmetterlinge, nutzt schmetterlings",14,1980-1984,Schmetterlingsmetaphorik über Wandel und neue Freiheit
63,"sensimilla, ub40, thug, wortspiel dub, überschattet kritischer",2,1980-1984,Straßenleben und Gewalt
64,"jingle, white christmas, sleigh, jingle bells, weihnachtslied",16,1980-1984,Weihnachten und Winter
-1,"zahlen zahlen, gig, laut laut, 1985, synth",3821,1985-1989,Rauschen
0,"monolog sehnsucht, monolog zerrissenheit, monolog erinnerung, monolog verzweiflung, monolog verlangen",994,1985-1989,Zerrissene Selbstreflexion
1,"clubszene, tanzkultur, körperliche bewegung, rockin, jahre clubkultur",315,1985-1989,Kollektiver Tanzrausch
2,"regnerischen, regen steht, äußere wetter, nutzt regens, let rain",149,1985-1989,Regen als Trauermotiv
3,"weihnachtszeit, weihnachtsfest, claus, santa claus, merry christmas",68,1985-1989,Weihnachtslieder
4,"sale, love sale, tism, bissiger, profit",235,1985-1989,Konsumkritik
5,"cheeba, benz, illegalen, hooptie, cannabis",32,1985-1989,"Luxus, Gewalt, Kriminalität"
6,"motors, fahrzeugs, beep, rider, freeway",126,1985-1989,Autofahren als Freiheitsmotiv
7,"überschwängliches, liebe allumfassende, liebesmanifest, klassisches liebesbekenntnis, unmittelbarkeit gefühls",589,1985-1989,Ewige Liebesbindung
8,"zugfahrt, lokomotive, nutzt zugfahrt, choo, eisenbahn",74,1985-1989,Der Zug als Metapher für das Voranschreiten
9,"inneres gefängnis, phantom, victim, bleibt düsteres, verdammnis",411,1985-1989,Zerrissene Psyche
10,"gläubigen, christlicher, christlichen, bekenntnis christlicher, christus",108,1985-1989,Göttliche Gegenwart
11,"fire love, steht leidenschaft, lodernden, verzehrend, verzehrende",153,1985-1989,Feuer als Motiv der Leidenschaft
12,"angel eyes, wort angel, fallen angel, gefallenen engels, engel nacht",64,1985-1989,Engelsmotive
13,"bevölkerung, eindringlicher protest, düsteres panorama, herrschenden, ökologische",545,1985-1989,Gesellschaftskritik und Krieg
14,"mond steht, sommerliebe, luna, vollmond, moon poetisches",100,1985-1989,Mondmotive und Liebe
15,"apartheid, jah, kollektive gewissen, gemeinsames handeln, verantwortung einzelnen",291,1985-1989,Solidarität und Kollektivität
16,"maritime, inseln, kapitän, avalon, seemanns",183,1985-1989,Motive des Meeres
17,"istanbul, way home, fernweh, homeless heart, heim ort",123,1985-1989,Heimat und Zugehörigkeit
18,"innenleben sehnsucht, unerfüllter liebe, heartache, angst erneutem, vertrauen erschüttert",1549,1985-1989,Unerwiderte Liebe
19,"vermittelt optimistische, optimistische botschaft, manifestierter aufruf, manifestes, up aufruf",360,1985-1989,Selbstermächtigung und Resilienz
20,"mix lot, rappers, sir mix, everlast, mcs",43,1985-1989,Aggressive Selbstinszenierung
21,"bethlehem, christi, hirten, noel, inkarnation",28,1985-1989,Christlicher Glaube
22,"verführerin, liebe gewalt, femme, spiel verlangen, voodoo",475,1985-1989,Toxische Liebesabhängigkeit
23,"kansas, kansas city, kaliforniens, injuns, kalifornischen",25,1985-1989,Sehnsucht nach Amerika
24,"liar, had enough, alibis, reputation, over now",222,1985-1989,Befreiung aus toxischer Beziehung
25,"adlers, broken wings, adler, hoffnung vielfalt, lerche",138,1985-1989,Fliegen als Freiheitsmotiv 
26,"entfaltet liebe, begegnung geliebten, quelle licht, überschwängliches, love entfaltet",278,1985-1989,Liebe als Transzendentes
27,"väterlicher, großvater, vater sohn, väter, jünger",53,1985-1989,Eltern‑Kind Bindung
28,"alkohols, dorothy, jordan, trinkverhalten, duet",47,1985-1989,Alkohol und Einsamkeit
29,"hearsay, fooled, just because, torheit, anschuldigungen",92,1985-1989,Naivität in der Liebe
30,"telefons, call name, leitung, hotline, back baby",116,1985-1989,Das Telefon als Sehnsuchtsmotiv
31,"synth, jugendlicher verliebtheit, synth pop, pop ära, jahre pop",592,1985-1989,Jugendliche Liebesballade
32,"toyland, loco, childhood, melancholischer rückblick, unbeschwerte phase",111,1985-1989,Nostalgie der Jugend
33,"schnees, let snow, december, fußspuren, time year",28,1985-1989,Winter als Liebesmetapher
34,"sandmann, schlichtes wiegenlied, good night, ye, schlaflied",21,1985-1989,Schlaflieder
35,"computer, video, arbeitswelt, information, bevölkerung",556,1985-1989,Technokratische Dystopie und Systemkritik
36,"goldmine, goldes, daytona, diamonds are, stay gold",17,1985-1989,Edelsteine als Motiv für Beständigkeit
37,"long beach, snoop, alltag kriminellen, gefüge definiert, thematisiert mechanismen",1,1985-1989,Westküsten‑Gangsta‑Identität
38,"lady luck, roulette, gambler, kartenspiel, kartenspiels",41,1985-1989,Glücksspiel als Metapher für das Leben
39,"america, amerikanischen traums, patriotismus, amerikanischer, kommentar amerikanischen",140,1985-1989,Amerikanische Identität und Kolonialismus
40,"bekenntnis bedingungsloser, stand by, zärtliches bekenntnis, bedingungsloser unterstützung, reach out",253,1985-1989,Bedingungslose Unterstützung in Beziehungen
41,"st pauli, pauli, blues genre, agent, findet blues",14,1985-1989,Blues als Ausdruck von Schmerz
42,"cowboys, jennings, pferde, südens, prärie",49,1985-1989,Amerikanischer Western‑Mythos
43,"herbstes, indian, sommerliebe, if go, foggy",89,1985-1989,Jahreszeiten als Motiv des Wandels
45,"fluss steht, gewässer, agua, tupelo, flood",100,1985-1989,Wasser als Motiv
46,"verführerin, erotischer, körperliche verlangen, shock, fox",267,1985-1989,Begierde und körperliche Verführung
48,"los los, honky, broadway, tonk, honky tonk",111,1985-1989,Urbanes Stadtporträt
49,"farbe blau, indigo, blau steht, misty, black blue",67,1985-1989,Blau als Symbol der Melancholie
50,"runaway, suicide, revival, running scared, alice",221,1985-1989,Flucht als Motiv der Bewältigung
51,"shangri, shangri la, alien, paradieses, wahre paradies",87,1985-1989,Eskapismus: Die Flucht in Reise- und Sehnsuchtsorte
52,"browns, james browns, godfather, full force, static",13,1985-1989,"Funk, Soul und Tanzkultur"
53,"ll cool, mcs, frühen hip, mc, jeff",108,1985-1989,Hip‑Hop Machtdemonstration
55,"hollywoods, zsa, unterhaltungsindustrie, showbusiness, altbier",25,1985-1989,"Glamour, Ruhm, Illusion"
56,"silent night, heavenly peace, holy night, hirten, sleep heavenly",10,1985-1989,Weihnachten und Gott
57,"zappa, zappas, macho, chad, zappa nutzt",221,1985-1989,Satirische Gesellschaftskritik
58,"blüht, red roses, gelbe rose, rose entfaltet, mohn",45,1985-1989,Natur als Liebesmetapher
59,"wrecking ball, wrecking, masquerade, good enough, not scared",77,1985-1989,Symbol der Verstellung und Schutzmechanismen
60,"cold outside, as ice, eisbrecher, gefrorene, frosts",81,1985-1989,Die Metaphorik der Kälte als emotionale Distanz
62,"schmetterlings, schmetterlinge, schmetterling, flüchtiges wesen, arm geliebten",7,1985-1989,Schmetterlingsmetaphorik über Wandel und neue Freiheit
63,"homies, leitmotiv loyalität, partys groupies, erfahrung kaum, etwa freund",1,1985-1989,Straßenleben und Gewalt
64,"jingle, sleigh, white christmas, sleigh ride, one horse",6,1985-1989,Weihnachten und Winter
-1,"zahlen zahlen, gig, frühen 90er, frühen 1990er, laut laut",4496,1990-1994,Rauschen
0,"monolog sehnsucht, wirrer monolog, monolog sprecherin, monolog zerrissenheit, monolog verlangen",1198,1990-1994,Zerrissene Selbstreflexion
1,"frühen 90er, rave, frühen 1990er, euro dance, manifest frühen",458,1990-1994,Kollektiver Tanzrausch
2,"regen steht, nutzt regens, äußere wetter, rainy day, rain nutzt",184,1990-1994,Regen als Trauermotiv
3,"merry christmas, weihnachtszeit, weihnachtsfest, mistelzweig, home christmas",139,1990-1994,Weihnachtslieder
4,"konsumgesellschaft, konsumenten, bissiger, profit, satirisches",242,1990-1994,Konsumkritik
5,"frühen 90er, drogenhandel, snip, krimineller, marihuana",74,1990-1994,"Luxus, Gewalt, Kriminalität"
6,"harley, motors, fahrzeugs, driver, fahrers",111,1990-1994,Autofahren als Freiheitsmotiv
7,"liebe allumfassende, überschwängliches, liebesmanifest, leidenschaftliches bekenntnis, überschwängliches bekenntnis",725,1990-1994,Ewige Liebesbindung
8,"zugfahrt, choo, eisenbahn, this train, voranschreiten lebens",91,1990-1994,Der Zug als Metapher für das Voranschreiten
9,"inneres gefängnis, rescue, selbstverletzung, dämon, selbstzerstörung verzweifelten",564,1990-1994,Zerrissene Psyche
10,"gläubigen, christlicher, christlichen, beziehung gott, christus",92,1990-1994,Göttliche Gegenwart
11,"stir, loderndes, burning up, lodernde, stir up",129,1990-1994,Feuer als Motiv der Leidenschaft
12,"angel eyes, reinheit schutz, anrede angel, wobei engels, engel figur",53,1990-1994,Engelsmotive
13,"düsteres panorama, bevölkerung, eindringlicher protest, ökologischen, ökologische",612,1990-1994,Gesellschaftskritik und Krieg
14,"mondlichts, sommerliebe, luna, sommerromanze, sommernacht",107,1990-1994,Mondmotive und Liebe
15,"kollektive gewissen, jah, verantwortung einzelnen, leidenschaftlicher aufruf, gemeinsames handeln",382,1990-1994,Solidarität und Kollektivität
16,"maritime, segelns, seemann, kapitän, sail away",222,1990-1994,Motive des Meeres
17,"way home, going home, heimweh, otto, zuhause ort",164,1990-1994,Heimat und Zugehörigkeit
18,"innenleben sehnsucht, unerwiderter, still love, unerfüllter liebe, intensives innenleben",1652,1990-1994,Unerwiderte Liebe
19,"vermittelt optimistische, manifestes, optimistische botschaft, leben bewusst, manifestierter aufruf",442,1990-1994,Selbstermächtigung und Resilienz
20,"frühen 90er, rappers, deutschen hip, hop szene, mc",95,1990-1994,Aggressive Selbstinszenierung
21,"hirten, bethlehem, christi, noel, inkarnation",69,1990-1994,Christlicher Glaube
22,"voodoo, verführerin, temptation, femme, verführerischen zerstörerischen",454,1990-1994,Toxische Liebesabhängigkeit
23,"kentucky, kaliforniens, mardi, mardi gras, kalifornischen",21,1990-1994,Sehnsucht nach Amerika
24,"erdrückenden beziehung, ex partners, befreiung toxischen, liar, betrugs",245,1990-1994,Befreiung aus toxischer Beziehung
25,"adler, over rainbow, adlers, blackbird, pegasus",219,1990-1994,Fliegen als Freiheitsmotiv 
26,"entfaltet liebe, begegnung geliebten, irdisch, love entfaltet, kosmisch",360,1990-1994,Liebe als Transzendentes
27,"vater sohn, abwesenden vater, problem child, pap, nachdenklicher dialog",76,1990-1994,Eltern‑Kind Bindung
28,"tubby, alkohols, oom pah, alcohol, trink",63,1990-1994,Alkohol und Einsamkeit
29,"goody, torheit, not love, rumour, fooling",82,1990-1994,Naivität in der Liebe
30,"operator, please go, telefons, wort baby, need tonight",107,1990-1994,Das Telefon als Sehnsuchtsmotiv
31,"frühen 90er, jugendlicher verliebtheit, frühen 1990er, vermittelt jugendlicher, jugendlicher leidenschaft",512,1990-1994,Jugendliche Liebesballade
32,"rades, yesterday once, romain, unbeschwertheit kindheit, hans",134,1990-1994,Nostalgie der Jugend
33,"let snow, schnees, frightful, delightful, nutzt winterliche",34,1990-1994,Winter als Liebesmetapher
34,"sandmann, nächtliches wiegenlied, zärtliches wiegenlied, zoë, schlichtes wiegenlied",35,1990-1994,Schlaflieder
35,"frühen 1990er, information, bildschirme, sarkastischer kommentar, bissiger",614,1990-1994,Technokratische Dystopie und Systemkritik
36,"herz gold, as gold, pyramide, goldes, gold steht",17,1990-1994,Edelsteine als Motiv für Beständigkeit
37,"snoop, dogg, cypress, cypress hill, snoop dogg",29,1990-1994,Westküsten‑Gangsta‑Identität
38,"dice, glücksspiels, kartenspiels, kartenspiel, roulette",52,1990-1994,Glücksspiel als Metapher für das Leben
39,"america, amerikanischen traums, indigenen, frühen 1990er, cherokee",119,1990-1994,Amerikanische Identität und Kolonialismus
40,"bekenntnis bedingungsloser, reach out, wahre freundschaft, zärtliches bekenntnis, stay together",258,1990-1994,Bedingungslose Unterstützung in Beziehungen
41,"boy blues, singen blues, poor boy, wort blues, blues musikstil",47,1990-1994,Blues als Ausdruck von Schmerz
42,"cowboys, pferde, outlaws, amerikanischen westens, prärie",67,1990-1994,Amerikanischer Western‑Mythos
43,"autumn, autumn leaves, laubs, indian summer, sommerwind",102,1990-1994,Jahreszeiten als Motiv des Wandels
45,"gewässer, fluss steht, nutzt flusses, swim, weiterfließt",124,1990-1994,Wasser als Motiv
46,"frühen 90er, frühen 1990er, euro dance, erotischer, bee",297,1990-1994,Begierde und körperliche Verführung
48,"los los, broadway, detroit, york city, chinatown",129,1990-1994,Urbanes Stadtporträt
49,"farbe blau, blau steht, indigo, suki, baby blue",72,1990-1994,Blau als Symbol der Melancholie
50,"runaway, monolog zerrissenheit, liverpool, ausgestoßenen, reed",287,1990-1994,Flucht als Motiv der Bewältigung
51,"alien, wonderland, raumschiff, paradies ort, aliens",84,1990-1994,Eskapismus: Die Flucht in Reise- und Sehnsuchtsorte
52,"browns, james browns, godfather, any harder, make funky",13,1990-1994,"Funk, Soul und Tanzkultur"
53,"frühen 90er, mcs, ll cool, mc, wu",187,1990-1994,Hip‑Hop Machtdemonstration
55,"mae, showbusiness, hollywoods, honky tonkin, tonkin",14,1990-1994,"Glamour, Ruhm, Illusion"
56,"silent night, holy night, heavenly peace, weihnachtsbotschaft, christi",29,1990-1994,Weihnachten und Gott
57,"zappa, frühen 90er, frühen 1990er, zappas, überspitztes",269,1990-1994,Satirische Gesellschaftskritik
58,"anastasia, barbara, blüht, lena, weiße rose",47,1990-1994,Natur als Liebesmetapher
59,"tracks tears, show must, andre, spuren tränen, erwartungen genügen",117,1990-1994,Symbol der Verstellung und Schutzmechanismen
60,"cold outside, cold heart, baby cold, cold cold, frostigen",75,1990-1994,Die Metaphorik der Kälte als emotionale Distanz
62,"schmetterlinge, schmetterlings, schmetterling, frei geboren, glanz sonne",8,1990-1994,Schmetterlingsmetaphorik über Wandel und neue Freiheit
63,"nas, 2pac, polizeigewalt, niggas, queensbridge",42,1990-1994,Straßenleben und Gewalt
64,"jingle, white christmas, sleigh, christmases, weihnachtslied",21,1990-1994,Weihnachten und Winter
-1,"zahlen zahlen, gig, späten 1990er, laut laut, sailor",5121,1995-1999,Rauschen
0,"monolog sehnsucht, monolog verzweiflung, monolog zerrissenheit, monolog sprecherin, monolog selbstzweifeln",1756,1995-1999,Zerrissene Selbstreflexion
1,"rave, euro dance, späten 1990er, elektronischen, beispiel späte",594,1995-1999,Kollektiver Tanzrausch
2,"regen steht, nutzt regens, rain nutzt, let rain, nutzt wetter",167,1995-1999,Regen als Trauermotiv
3,"weihnachtszeit, merry christmas, weihnachtsfest, weihnachtsmann, mistelzweig",207,1995-1999,Weihnachtslieder
4,"satirisches, konsumgesellschaft, bissiger, konsumenten, ärzte",278,1995-1999,Konsumkritik
5,"drogenhandel, niggas, nigga, illegalen, benz",248,1995-1999,"Luxus, Gewalt, Kriminalität"
6,"motors, rider, driver, fortbewegungsmittel, motorrad",165,1995-1999,Autofahren als Freiheitsmotiv
7,"liebe allumfassende, liebesmanifest, überschwängliches, unmittelbarkeit gefühls, klassisches liebesmanifest",909,1995-1999,Ewige Liebesbindung
8,"zugfahrt, lokomotive, choo, nutzt zugfahrt, choo choo",76,1995-1999,Der Zug als Metapher für das Voranschreiten
9,"inneres gefängnis, selbstzerstörung verzweifelten, selbstverletzung, dämon, kreislauf schuld",839,1995-1999,Zerrissene Psyche
10,"gläubigen, christlichen, christlicher, christi, christus",138,1995-1999,Göttliche Gegenwart
11,"venus, fire entfaltet, spiel feuer, entfaltet leidenschaftlicher, entfaltet liebe",112,1995-1999,Feuer als Motiv der Leidenschaft
12,"angel eyes, reinheit schutz, angel entfaltet, schutzengel, fallen angel",102,1995-1999,Engelsmotive
13,"düsteres panorama, babylon, bevölkerung, eindringlicher protest, umweltzerstörung",536,1995-1999,Gesellschaftskritik und Krieg
14,"moon entfaltet, blue moon, dream little, little dream, mondlichts",116,1995-1999,Mondmotive und Liebe
15,"jah, verantwortung einzelnen, gemeinsames handeln, mitzuwirken, kollektives erwachen",314,1995-1999,Solidarität und Kollektivität
16,"seemann, avalon, schiffes, segelns, kapitän",236,1995-1999,Motive des Meeres
17,"like home, home again, way home, heimkommen, zuhause ort",189,1995-1999,Heimat und Zugehörigkeit
18,"innenleben sehnsucht, unerwiderter, intensives ringen, selbstvorwurf, ex partners",1838,1995-1999,Unerwiderte Liebe
19,"vermittelt optimistische, manifestes, aufruf bewussten, optimistische botschaft, motivierender",502,1995-1999,Selbstermächtigung und Resilienz
20,"mcs, rappers, hop szene, deutschen hip, deutschen rap",199,1995-1999,Aggressive Selbstinszenierung
21,"bethlehem, hirten, christi, inkarnation, neugeborenen",86,1995-1999,Christlicher Glaube
22,"verführerin, addicted, beziehung liebe, obsessiver, temptation",454,1995-1999,Toxische Liebesabhängigkeit
23,"kentucky, südens, kaliforniens, memphis, bluegrass",27,1995-1999,Sehnsucht nach Amerika
24,"ex partners, selbstbehauptungs, täters, befreiung toxischen, ringen selbstbehauptung",363,1995-1999,Befreiung aus toxischer Beziehung
25,"adler, over rainbow, adlers, überwinden begrenzungen, fliegen akt",304,1995-1999,Fliegen als Freiheitsmotiv 
26,"entfaltet liebe, überschwängliches, begegnung geliebten, irdisch, augen geliebten",439,1995-1999,Liebe als Transzendentes
27,"mutter quelle, vater sohn, emotionales tribut, väterlicher, teddy",85,1995-1999,Eltern‑Kind Bindung
28,"kneipe, alkohols, one baby, charline, barkeeper",55,1995-1999,Alkohol und Einsamkeit
29,"torheit, fool love, goody, blöd, kind fool",80,1995-1999,Naivität in der Liebe
30,"baby come, cry baby, telefons, telefonieren, wort baby",122,1995-1999,Das Telefon als Sehnsuchtsmotiv
31,"späten 1990er, jugendlicher verliebtheit, typisches pop, euro dance, jugendlicher leidenschaft",605,1995-1999,Jugendliche Liebesballade
32,"lääve, flower child, childhood, erwachsenseins, forever young",172,1995-1999,Nostalgie der Jugend
33,"let snow, frightful, äußere kälte, december, schnees",51,1995-1999,Winter als Liebesmetapher
34,"sandmann, schlaf wiegt, kind schlaf, zärtliches wiegenlied, nächtliches wiegenlied",36,1995-1999,Schlaflieder
35,"späten 1990er, arbeitswelt, bildschirmen, bevölkerung, algorithmen",722,1995-1999,Technokratische Dystopie und Systemkritik
36,"gold steht, wanderin, goldes, once had, papierkrone",10,1995-1999,Edelsteine als Motiv für Beständigkeit
37,"snoop, dogg, snoop dogg, west coast, cypress",90,1995-1999,Westküsten‑Gangsta‑Identität
38,"dice, lady luck, kartenspiels, würfel, joker",50,1995-1999,Glücksspiel als Metapher für das Leben
39,"america, amerikanischen traums, american dream, rassistische, jonny",100,1995-1999,Amerikanische Identität und Kolonialismus
40,"bekenntnis bedingungsloser, zärtliches bekenntnis, bedingungsloser unterstützung, bekenntnis bedingungslose, intimes bekenntnis",319,1995-1999,Bedingungslose Unterstützung in Beziehungen
41,"house blues, blues tradition, wort blues, 2000, low down",27,1995-1999,Blues als Ausdruck von Schmerz
42,"cowboys, pferde, dixie, reiter, pferdes",53,1995-1999,Amerikanischer Western‑Mythos
43,"herbstes, autumn, sommerwind, laubs, frühjahr",105,1995-1999,Jahreszeiten als Motiv des Wandels
45,"by river, fluss steht, gewässer, undertow, ertrinkens",135,1995-1999,Wasser als Motiv
46,"euro dance, dance ära, beispiel euro, späten 1990er, erotischer",303,1995-1999,Begierde und körperliche Verführung
48,"los los, broadway, harlem, york city, memphis",123,1995-1999,Urbanes Stadtporträt
49,"indigo, farbe blau, no sunshine, mood indigo, blau steht",83,1995-1999,Blau als Symbol der Melancholie
50,"runaway, shape, hee, ready made, wirrer monolog",307,1995-1999,Flucht als Motiv der Bewältigung
51,"spaceman, alien, paradieses, raumschiff, neverland",106,1995-1999,Eskapismus: Die Flucht in Reise- und Sehnsuchtsorte
52,"browns, james browns, funky soul, funk ästhetik, study",7,1995-1999,"Funk, Soul und Tanzkultur"
53,"busta, busta rhymes, wu, tang, wu tang",311,1995-1999,Hip‑Hop Machtdemonstration
54,"deluxe, samy, samy deluxe, rap handwerk, samys",4,1995-1999,Selbstinszenierung im Rap und Szenekritik
55,"hollywoods, bayern, falstaff, dolores, got loaded",22,1995-1999,"Glamour, Ruhm, Illusion"
56,"silent night, holy night, christi, geburt christi, heavenly peace",34,1995-1999,Weihnachten und Gott
57,"zappa, überspitztes, zappas, bloodhound, bloodhound gang",373,1995-1999,Satirische Gesellschaftskritik
58,"rose steht, barbara, blümchen, rose entfaltet, blüten",69,1995-1999,Natur als Liebesmetapher
59,"camouflage, täters, flipside, erwartungen genügen, mask",156,1995-1999,Symbol der Verstellung und Schutzmechanismen
60,"cold outside, baby cold, emotionaler erstarrung, mandy, ramona",79,1995-1999,Die Metaphorik der Kälte als emotionale Distanz
62,"schmetterlings, schmetterling, schmetterlinge, nutzt schmetterlings, kribbeln",16,1995-1999,Schmetterlingsmetaphorik über Wandel und neue Freiheit
63,"nas, dmx, niggas, thug, thugs",145,1995-1999,Straßenleben und Gewalt
64,"white christmas, jingle, sleigh, schnees, jingle bells",36,1995-1999,Weihnachten und Winter
-1,"zahlen zahlen, gig, laut laut, 2000, wyclef",6014,2000-2004,Rauschen
0,"monolog sehnsucht, monolog verzweiflung, monolog sprecherin, monolog zerrissenheit, wirrer monolog",2067,2000-2004,Zerrissene Selbstreflexion
1,"frühe 2000er, tanzmusik, elektronischen, beispiel frühe, rave",684,2000-2004,Kollektiver Tanzrausch
2,"regen steht, nutzt regens, wetterphänomen, äußere wetter, raining",181,2000-2004,Regen als Trauermotiv
3,"weihnachtszeit, weihnachtsfest, merry christmas, weihnachtsmann, mistelzweig",218,2000-2004,Weihnachtslieder
4,"superstar, ärzte, bissiger, konsumgesellschaft, satirisches",340,2000-2004,Konsumkritik
5,"drogenhandel, gangsta, niggas, 50, machtdemonstration",381,2000-2004,"Luxus, Gewalt, Kriminalität"
6,"motors, mercury, driver, motoren, fahrers",128,2000-2004,Autofahren als Freiheitsmotiv
7,"liebe allumfassende, überschwängliches, liebesmanifest, intensives bekenntnis, leidenschaftliches bekenntnis",887,2000-2004,Ewige Liebesbindung
8,"zugfahrt, love train, eisenbahn, gleis, choo",74,2000-2004,Der Zug als Metapher für das Voranschreiten
9,"inneres gefängnis, selbstzerstörung verzweifelten, crawling, selbstverletzung, dämon",941,2000-2004,Zerrissene Psyche
10,"gläubigen, christlichen, christus, christlicher, theologische",152,2000-2004,Göttliche Gegenwart
11,"light fire, eternal flame, venus, leidenschaft zerstörung, wobei feuer",144,2000-2004,Feuer als Motiv der Leidenschaft
12,"angel eyes, schutzengel, engel steht, schutzengels, fallen angel",126,2000-2004,Engelsmotive
13,"babylon, düsteres panorama, bevölkerung, eindringlicher protest, volk",576,2000-2004,Gesellschaftskritik und Krieg
14,"sommerliebe, moonglow, luna, summertime, sommerromanze",99,2000-2004,Mondmotive und Liebe
15,"jah, gentleman, babylon, verantwortung einzelnen, kollektives erwachen",375,2000-2004,Solidarität und Kollektivität
16,"maritime, segelns, seemann, segel, schiffes",206,2000-2004,Motive des Meeres
17,"zuhause ort, heim ort, way home, ort emotionaler, like home",201,2000-2004,Heimat und Zugehörigkeit
18,"innenleben sehnsucht, angst erneutem, unerfüllter liebe, unerwiderter, selbstvorwurf",2148,2000-2004,Unerwiderte Liebe
19,"vermittelt optimistische, manifestes, optimistische botschaft, durchhaltewillen, manifestierter aufruf",660,2000-2004,Selbstermächtigung und Resilienz
20,"ferris, mc, rappers, deutschen rap, deutschen hip",353,2000-2004,Aggressive Selbstinszenierung
21,"hirten, bethlehem, christi, inkarnation, noel",61,2000-2004,Christlicher Glaube
22,"verführerin, verlangen selbstschutz, addicted, obsessiver, beziehung liebe",544,2000-2004,Toxische Liebesabhängigkeit
23,"kaliforniens, kansas, kalifornischen, kentucky, kansas city",43,2000-2004,Sehnsucht nach Amerika
24,"ex partners, selbstbehauptungs, liar, erdrückenden beziehung, befreiung toxischen",454,2000-2004,Befreiung aus toxischer Beziehung
25,"blackbird, adler, irdischen beschränkungen, over rainbow, überwinden begrenzungen",285,2000-2004,Fliegen als Freiheitsmotiv 
26,"entfaltet liebe, liebe kosmische, begegnung geliebten, überschwängliches, irdisch",456,2000-2004,Liebe als Transzendentes
27,"vater sohn, väterlicher, vaterfigur, schlumpf, tic",103,2000-2004,Eltern‑Kind Bindung
28,"barkeeper, kneipe, letzte bier, jack ripper, sex with",67,2000-2004,Alkohol und Einsamkeit
29,"torheit, fool love, fools love, not love, fool inneres",114,2000-2004,Naivität in der Liebe
30,"telefons, sms, leitung, baby come, operator",140,2000-2004,Das Telefon als Sehnsuchtsmotiv
31,"jugendlicher verliebtheit, intensives verlangen, jugendlicher leidenschaft, typisches pop, balladen",567,2000-2004,Jugendliche Liebesballade
32,"rückblick unbeschwerte, rollercoaster, erwachsenseins, little one, monday",161,2000-2004,Nostalgie der Jugend
33,"let snow, frightful, schnees, winterliche wetter, nutzt winterliche",67,2000-2004,Winter als Liebesmetapher
34,"sandmann, zärtliches wiegenlied, nächtliches wiegenlied, la le, le lu",37,2000-2004,Schlaflieder
35,"kommentar entfremdung, information, sarkastischer kommentar, daten, wütender protest",751,2000-2004,Technokratische Dystopie und Systemkritik
36,"goldes, gold entfaltet, heart gold, gold steht, treasure",21,2000-2004,Edelsteine als Motiv für Beständigkeit
37,"snoop, dogg, snoop dogg, west coast, gangsta",116,2000-2004,Westküsten‑Gangsta‑Identität
38,"mau, mau mau, würfel, kartenspiels, roulette",56,2000-2004,Glücksspiel als Metapher für das Leben
39,"america, amerikanischen traums, patriotische, patriotismus, american dream",122,2000-2004,Amerikanische Identität und Kolonialismus
40,"bekenntnis bedingungsloser, stand by, bedingungsloser unterstützung, bekenntnis bedingungslose, intimes bekenntnis",359,2000-2004,Bedingungslose Unterstützung in Beziehungen
41,"blues ersten, bessie, blues musikalisches, blues klassisches, musikalisches genre",38,2000-2004,Blues als Ausdruck von Schmerz
42,"cowboys, cowgirl, ranger, pferde, rodeo",57,2000-2004,Amerikanischer Western‑Mythos
43,"autumn, blättern, fallenden blätter, herbstes, sommerwind",131,2000-2004,Jahreszeiten als Motiv des Wandels
45,"fluss steht, waterfall, gewässer, swim, ertrinkens",116,2000-2004,Wasser als Motiv
46,"thug, körperliche anziehung, unmittelbarer körperlicher, verführerin, erotischer",407,2000-2004,Begierde und körperliche Verführung
47,"bushido, unantastbarer, bushido positioniert, deutschen rap, sonny black",32,2000-2004,Unantastbare Rap‑Identität
48,"los los, memphis, broadway, york city, virginia",124,2000-2004,Urbanes Stadtporträt
49,"indigo, farbe blau, wort blue, blau steht, no sunshine",55,2000-2004,Blau als Symbol der Melancholie
50,"runaway, run run, wirrer monolog, running away, fluchtinstinkt",368,2000-2004,Flucht als Motiv der Bewältigung
51,"alien, shangri, shangri la, wonderland, xanadu",113,2000-2004,Eskapismus: Die Flucht in Reise- und Sehnsuchtsorte
52,"more more, browns, control verweisen, 2002 eindringlicher, eigenständige ressource",2,2000-2004,"Funk, Soul und Tanzkultur"
53,"busta, busta rhymes, niggas, wu, kim",451,2000-2004,Hip‑Hop Machtdemonstration
54,"samy, deluxe, samy deluxe, samys, hamburg",43,2000-2004,Selbstinszenierung im Rap und Szenekritik
55,"hollywoods, unterhaltungsindustrie, showbusiness, la land, inn",31,2000-2004,"Glamour, Ruhm, Illusion"
56,"silent night, holy night, christi, heavenly peace, geburt christi",33,2000-2004,Weihnachten und Gott
57,"zappa, deichkind, überspitztes, pussy, partyszene",431,2000-2004,Satirische Gesellschaftskritik
58,"rose steht, blüht, schwarzen rose, rut, schwarze rose",67,2000-2004,Natur als Liebesmetapher
59,"verletzlichkeit verbergen, creep, leech, masquerade, täters",181,2000-2004,Symbol der Verstellung und Schutzmechanismen
60,"cold outside, as ice, cold cold, baby cold, frostigen",91,2000-2004,Die Metaphorik der Kälte als emotionale Distanz
61,"aggro, fler, aggro berlin, kommerziellem, projiziert versen",1,2000-2004,Deutschrap Battle‑Provokation
62,"schmetterling, schmetterlings, schmetterlinge, papillon, nutzt schmetterlings",27,2000-2004,Schmetterlingsmetaphorik über Wandel und neue Freiheit
63,"nas, dmx, niggas, thug, nigga",161,2000-2004,Straßenleben und Gewalt
64,"white christmas, jingle, sleigh, weihnachtszeit, jingle bells",41,2000-2004,Weihnachten und Winter
65,"eko, eko fresh, savas, könig deutschland, deutschen rap",9,2000-2004,Selbstinszenierung im Rap
-1,"zahlen zahlen, gig, laut laut, sean, dancehall",6732,2005-2009,Rauschen
0,"monolog sehnsucht, monolog sprecherin, wirrer monolog, monolog verzweiflung, monolog erinnerung",2344,2005-2009,Zerrissene Selbstreflexion
1,"körperliche bewegung, elektronischen, tanzmusik, rave, clubszene",688,2005-2009,Kollektiver Tanzrausch
2,"regen steht, rainy day, äußere wetter, regnerischen, regens steht",245,2005-2009,Regen als Trauermotiv
3,"weihnachtszeit, merry christmas, weihnachtsfest, claus, weihnachtsmanns",243,2005-2009,Weihnachtslieder
4,"superstar, konsumgesellschaft, bissiger, satirisches, bissiger kommentar",371,2005-2009,Konsumkritik
5,"drogenhandel, rappers, machtdemonstration, nigga, teure autos",522,2005-2009,"Luxus, Gewalt, Kriminalität"
6,"motors, fahr, driver, fahrzeugs, rodeo",160,2005-2009,Autofahren als Freiheitsmotiv
7,"liebe allumfassende, überschwängliches, liebesmanifest, intensives bekenntnis, unmittelbarkeit gefühls",772,2005-2009,Ewige Liebesbindung
8,"zugfahrt, choo, lokomotive, voranschreiten lebens, choo choo",76,2005-2009,Der Zug als Metapher für das Voranschreiten
9,"inneres gefängnis, selbstverletzung, selbstzerstörung verzweifelten, wunsch rettung, manifestiert aussage",1128,2005-2009,Zerrissene Psyche
10,"gläubigen, christlicher, christlichen, vertrauen göttliche, thee",132,2005-2009,Göttliche Gegenwart
11,"wobei feuer, verzehrend, nutzt feuers, fiebers, inferno",160,2005-2009,Feuer als Motiv der Leidenschaft
12,"angel eyes, guardian angel, engel steht, guardian, little angel",101,2005-2009,Engelsmotive
13,"bevölkerung, düsteres panorama, eindringlicher protest, babylon, wütender protest",717,2005-2009,Gesellschaftskritik und Krieg
14,"moonshine, sommerliebe, dream little, boys summer, little dream",93,2005-2009,Mondmotive und Liebe
15,"jah, nneka, leidenschaftlicher aufruf, kollektives erwachen, kollektive gewissen",439,2005-2009,Solidarität und Kollektivität
16,"segel, kapitän, segelns, maritime, seemann",235,2005-2009,Motive des Meeres
17,"heimweh, zuhause ort, way home, heimkommen, winding",222,2005-2009,Heimat und Zugehörigkeit
18,"innenleben sehnsucht, zerbrechlichen beziehung, ex partners, intensives innenleben, sehnsucht selbstschutz",2340,2005-2009,Unerwiderte Liebe
19,"vermittelt optimistische, manifestierter aufruf, botschaft leben, manifestes, aufruf bewussten",847,2005-2009,Selbstermächtigung und Resilienz
20,"rappers, deutschen rap, machtdemonstration, deutschen hip, rap szene",478,2005-2009,Aggressive Selbstinszenierung
21,"hirten, bethlehem, christi, noel, inkarnation",90,2005-2009,Christlicher Glaube
22,"addicted, verführerin, verlangen selbstschutz, beziehung liebe, liebe gewalt",654,2005-2009,Toxische Liebesabhängigkeit
23,"kaliforniens, mississippi, südens, kalifornischen, kansas city",51,2005-2009,Sehnsucht nach Amerika
24,"ex partners, befreiung toxischen, selbstbehauptungs, täters, erdrückenden beziehung",573,2005-2009,Befreiung aus toxischer Beziehung
25,"blackbird, over rainbow, adler, fliegen steht, sternwunsches",280,2005-2009,Fliegen als Freiheitsmotiv 
26,"entfaltet liebe, begegnung geliebten, überschwängliches, alltägliche transzendiert, shooting star",459,2005-2009,Liebe als Transzendentes
27,"rolle mutter, mutter quelle, mütterlicher liebe, väterlicher, fatima",115,2005-2009,Eltern‑Kind Bindung
28,"alkohols, bulldog, schluck, red wine, pandora",65,2005-2009,Alkohol und Einsamkeit
29,"win again, only fool, fools like, fool love, dummheit",97,2005-2009,Naivität in der Liebe
30,"telefons, ring ring, effie, cry baby, sehnsucht unsicherheit",137,2005-2009,Das Telefon als Sehnsuchtsmotiv
31,"jugendlicher verliebtheit, jugendlicher leidenschaft, liebesmanifest, intensives verlangen, jugendlicher liebe",539,2005-2009,Jugendliche Liebesballade
32,"toyland, rückblick unbeschwerte, nachdenklicher rückblick, handtuch, were young",199,2005-2009,Nostalgie der Jugend
33,"let snow, schnees, äußere kälte, frightful, nutzt winterliche",104,2005-2009,Winter als Liebesmetapher
34,"sandmann, beruhigender befehl, nächtliches wiegenlied, slumbers, rhythmus einschlafen",30,2005-2009,Schlaflieder
35,"arbeitswelt, online, information, bildschirme, sarkastischer kommentar",762,2005-2009,Technokratische Dystopie und Systemkritik
36,"goldes, deeply, diamonds are, gold steht, pure gold",32,2005-2009,Edelsteine als Motiv für Beständigkeit
37,"snoop, dogg, snoop dogg, wayne, gangsta",91,2005-2009,Westküsten‑Gangsta‑Identität
38,"roulette, kartenspiels, glücksspiels, würfel, dice",68,2005-2009,Glücksspiel als Metapher für das Leben
39,"america, amerikanischen traums, sheriff, indigenen, miss america",93,2005-2009,Amerikanische Identität und Kolonialismus
40,"stand by, bekenntnis bedingungsloser, bedingungsloser unterstützung, intimes bekenntnis, zärtliches bekenntnis",400,2005-2009,Bedingungslose Unterstützung in Beziehungen
41,"singing blues, sing blues, felt more, kuh, kkk",16,2005-2009,Blues als Ausdruck von Schmerz
42,"cowboys, pferdes, pferde, rodeo, lasso",54,2005-2009,Amerikanischer Western‑Mythos
43,"indian summer, indian, autumn, laub, if go",125,2005-2009,Jahreszeiten als Motiv des Wandels
44,"kollegah, kollegahs, machtdemonstration, unantastbarer, kollegah positioniert",27,2005-2009,"Inszenierung von Macht, Luxus und Gewalt"
45,"by river, swim, fluss steht, skaten, leiche",136,2005-2009,Wasser als Motiv
46,"verführerin, erotische, erotischer, girlfriend, körperliche verlangen",461,2005-2009,Begierde und körperliche Verführung
47,"bushido, bushido positioniert, deutschen rap, bushidos, sonny",58,2005-2009,Unantastbare Rap‑Identität
48,"los los, broadway, brooklyn, york city, urbaner entfremdung",127,2005-2009,Urbanes Stadtporträt
49,"farbe blau, no sunshine, shades blue, blue inneres, blau steht",55,2005-2009,Blau als Symbol der Melancholie
50,"runaway, drang flucht, wirrer monolog, alice, square one",481,2005-2009,Flucht als Motiv der Bewältigung
51,"astronaut, spaceman, alien, raumschiff, paradieses",107,2005-2009,Eskapismus: Die Flucht in Reise- und Sehnsuchtsorte
52,"funk geprägter, aufruft festhalten, verloren zentrum, gewicht übernehmen, kultur erzählerfigur",1,2005-2009,"Funk, Soul und Tanzkultur"
53,"busta, wu, eminems, wu tang, tang",209,2005-2009,Hip‑Hop Machtdemonstration
54,"samy, deluxe, samy deluxe, samys, hamburg",52,2005-2009,Selbstinszenierung im Rap und Szenekritik
55,"hollywoods, unterhaltungsindustrie, bergman, ingmar, streben berühmtheit",39,2005-2009,"Glamour, Ruhm, Illusion"
56,"silent night, holy night, heavenly peace, weihnachtsbotschaft, christi",41,2005-2009,Weihnachten und Gott
57,"zappa, überspitztes, deichkind, superstar, überdrehten",476,2005-2009,Satirische Gesellschaftskritik
58,"weiße rose, blüht, barbara, rose steht, schönheit schmerz",71,2005-2009,Natur als Liebesmetapher
59,"tracks tears, masquerade, täters, fassade innerem, sabotage",242,2005-2009,Symbol der Verstellung und Schutzmechanismen
60,"cold outside, baby cold, emotionaler erstarrung, what becomes, frostigen",111,2005-2009,Die Metaphorik der Kälte als emotionale Distanz
61,"fler, farid, farid bang, aggro, fler positioniert",41,2005-2009,Deutschrap Battle‑Provokation
62,"schmetterlings, schmetterling, schmetterlinge, raupe, nutzt schmetterlings",27,2005-2009,Schmetterlingsmetaphorik über Wandel und neue Freiheit
63,"nas, dmx, compton, niggas, dre",100,2005-2009,Straßenleben und Gewalt
64,"jingle, white christmas, sleigh, jingle bells, christmases",44,2005-2009,Weihnachten und Winter
65,"eko, eko fresh, savas, deutschen hip, deutschen rap",34,2005-2009,Selbstinszenierung im Rap
-1,"zahlen zahlen, gig, glee, laut laut, selbstbehauptungs",7408,2010-2014,Rauschen
0,"monolog sehnsucht, monolog sprecherin, monolog verzweiflung, monolog zerrissenheit, monolog erinnerung",2266,2010-2014,Zerrissene Selbstreflexion
1,"2010er, 2010er jahre, frühen 2010er, kollektiven rausch, körperliche bewegung",702,2010-2014,Kollektiver Tanzrausch
2,"regen steht, regens steht, nutzt regens, umbrella, wetterphänomen",214,2010-2014,Regen als Trauermotiv
3,"weihnachtszeit, weihnachtsfest, merry christmas, weihnachtsmann, mistelzweig",290,2010-2014,Weihnachtslieder
4,"konsumgesellschaft, satirischer kommentar, konsumenten, can buy, bissiger",381,2010-2014,Konsumkritik
5,"drogenhandel, illegalen, niggas, rappers, benz",862,2010-2014,"Luxus, Gewalt, Kriminalität"
6,"motors, driver, autofahrt, mobilen, mobiles",177,2010-2014,Autofahren als Freiheitsmotiv
7,"überschwängliches, leidenschaftliches bekenntnis, liebesmanifest, liebe allumfassende, unmittelbarkeit gefühls",742,2010-2014,Ewige Liebesbindung
8,"zugfahrt, lokomotive, eisenbahn, gleis, choo",77,2010-2014,Der Zug als Metapher für das Voranschreiten
9,"inneres gefängnis, selbstzerstörung verzweifelten, dämon, monsters, selbstverletzung",968,2010-2014,Zerrissene Psyche
10,"gläubigen, christlichen, christlicher, vertrauen göttliche, gegenwart gottes",114,2010-2014,Göttliche Gegenwart
11,"feuers intensive, feuers steht, verzehrend, spiel feuer, wobei feuer",195,2010-2014,Feuer als Motiv der Leidenschaft
12,"schutzengel, angel eyes, wobei engel, reinheit schutz, guardian angel",89,2010-2014,Engelsmotive
13,"bevölkerung, düsteres panorama, sabaton, babylon, eindringlicher protest",629,2010-2014,Gesellschaftskritik und Krieg
14,"sommerromanze, moonshine, sommerliebe, dream little, blue moon",107,2010-2014,Mondmotive und Liebe
15,"jah, gentleman, leidenschaftlicher aufruf, gemeinsames handeln, afrikanischen",437,2010-2014,Solidarität und Kollektivität
16,"kapitän, seemann, segel, maritime, schiffes",309,2010-2014,Motive des Meeres
17,"zuhause ort, heimweh, heimkommen, wort home, home entfaltet",269,2010-2014,Heimat und Zugehörigkeit
18,"innenleben sehnsucht, ex partners, zerbrechlichen beziehung, unerwiderter, sehnsucht selbstschutz",2133,2010-2014,Unerwiderte Liebe
19,"manifestierter aufruf, manifestes, vermittelt optimistische, leben bewusst, aufruf bewussten",974,2010-2014,Selbstermächtigung und Resilienz
20,"deutschen rap, rap szene, machtdemonstration, rappers, savas",523,2010-2014,Aggressive Selbstinszenierung
21,"hirten, bethlehem, inkarnation, neugeborenen, christi",54,2010-2014,Christlicher Glaube
22,"verführerin, verlangen selbstzerstörung, berauschend zerstörerisch, tödlich, voodoo",812,2010-2014,Toxische Liebesabhängigkeit
23,"kaliforniens, kalifornischen, california dreamin, kansas city, louisiana",52,2010-2014,Sehnsucht nach Amerika
24,"ex partners, befreiung toxischen, kraftvolles bekenntnis, erdrückenden beziehung, selbstbehauptungs",499,2010-2014,Befreiung aus toxischer Beziehung
25,"blackbird, bluebird, over rainbow, adler, can fly",353,2010-2014,Fliegen als Freiheitsmotiv 
26,"entfaltet liebe, venus, überschwängliches, quelle licht, begegnung geliebten",508,2010-2014,Liebe als Transzendentes
27,"emotionales bekenntnis, blah, kind vater, 74, vaterfigur",115,2010-2014,Eltern‑Kind Bindung
28,"amy, alkohols, grog, weins, alkohol fluchtmittel",74,2010-2014,Alkohol und Einsamkeit
29,"goody, goody goody, torheit, wort fool, cheated",95,2010-2014,Naivität in der Liebe
30,"telefonieren, call name, telefons, up phone, baby come",124,2010-2014,Das Telefon als Sehnsuchtsmotiv
31,"jugendlicher verliebtheit, glee, intensives verlangen, dum, überschwängliches",459,2010-2014,Jugendliche Liebesballade
32,"rückblick unbeschwerte, peter pan, pan, cro, erwachsenseins",295,2010-2014,Nostalgie der Jugend
33,"let snow, frightful, delightful, schnees, winterliche wetter",80,2010-2014,Winter als Liebesmetapher
34,"sandmann, schlaflied, sandman, zärtliches wiegenlied, nächtliches wiegenlied",20,2010-2014,Schlaflieder
35,"daten, bevölkerung, arbeitswelt, online, algorithmen",741,2010-2014,Technokratische Dystopie und Systemkritik
36,"goldes, gold steht, shine bright, solid gold, gold dust",51,2010-2014,Edelsteine als Motiv für Beständigkeit
37,"snoop, dogg, snoop dogg, west coast, wayne",92,2010-2014,Westküsten‑Gangsta‑Identität
38,"roulette, kartenspiels, poker, glücksspiels, kartenspiel",60,2010-2014,Glücksspiel als Metapher für das Leben
39,"america, amerikanischen traums, outlaw, american dream, obama",127,2010-2014,Amerikanische Identität und Kolonialismus
40,"bekenntnis bedingungsloser, zärtliches bekenntnis, bedingungsloser unterstützung, intimes bekenntnis, stand by",383,2010-2014,Bedingungslose Unterstützung in Beziehungen
41,"blues musikalisches, musikalisches genre, hooker, joe turner, cathouse",24,2010-2014,Blues als Ausdruck von Schmerz
42,"cowboys, pferde, reiter, pferden, pferdes",37,2010-2014,Amerikanischer Western‑Mythos
43,"autumn, herbstes, ende sommers, sandes, schlosses",124,2010-2014,Jahreszeiten als Motiv des Wandels
44,"kollegah, kollegahs, unantastbarer, machtdemonstration, unantastbaren",28,2010-2014,"Inszenierung von Macht, Luxus und Gewalt"
45,"ertrinkens, wasser unbewusste, fluss steht, wobei wasser, river entfaltet",168,2010-2014,Wasser als Motiv
46,"erotische, erotischer, biene, usher, verführerin",426,2010-2014,Begierde und körperliche Verführung
47,"bushido, bushidos, bushido positioniert, deutschen rap, unantastbarer",36,2010-2014,Unantastbare Rap‑Identität
48,"los los, broadway, brooklyn, detroit, york city",135,2010-2014,Urbanes Stadtporträt
49,"indigo, farbe blau, mood indigo, blau steht, wort blue",52,2010-2014,Blau als Symbol der Melancholie
50,"runaway, run run, running away, alice, weglaufens",444,2010-2014,Flucht als Motiv der Bewältigung
51,"alien, ballons, raumschiff, astronauten, sierra",129,2010-2014,Eskapismus: Die Flucht in Reise- und Sehnsuchtsorte
53,"minaj, nicki, nicki minaj, eminems, wu",171,2010-2014,Hip‑Hop Machtdemonstration
54,"samy, deluxe, samy deluxe, samys, deluxe positioniert",30,2010-2014,Selbstinszenierung im Rap und Szenekritik
55,"hollywoods, unterhaltungsindustrie, showbusiness, celluloid, sweet jane",41,2010-2014,"Glamour, Ruhm, Illusion"
56,"silent night, holy night, heavenly peace, christi, weihnachtsbotschaft",32,2010-2014,Weihnachten und Gott
57,"zappa, partyszene, atzen, 257ers, überspitztes",609,2010-2014,Satirische Gesellschaftskritik
58,"barbara, rosen stehen, schönheit dornen, thorn, rose steht",76,2010-2014,Natur als Liebesmetapher
59,"creep, tracks tears, täters, wrecking, masquerade",227,2010-2014,Symbol der Verstellung und Schutzmechanismen
60,"cold outside, baby cold, really can, vater schwester, gefrorene",100,2010-2014,Die Metaphorik der Kälte als emotionale Distanz
61,"fler, farid, farid bang, deutschen rap, ufo361",108,2010-2014,Deutschrap Battle‑Provokation
62,"schmetterlings, schmetterling, schmetterlinge, let love, raupe",13,2010-2014,Schmetterlingsmetaphorik über Wandel und neue Freiheit
63,"nas, niggas, dmx, nigga, compton",74,2010-2014,Straßenleben und Gewalt
64,"jingle, white christmas, sleigh, weihnachtslied, used know",40,2010-2014,Weihnachten und Winter
65,"eko, eko fresh, fresh nutzt, deutschen hip, deutschen rap",97,2010-2014,Selbstinszenierung im Rap
-1,"gig, laut laut, zahlen zahlen, selbstbehauptungs, kurdo",6446,2015-2019,Rauschen
0,"monolog sehnsucht, monolog sprecherin, monolog zerrissenheit, monolog verzweiflung, monolog erinnerung",1963,2015-2019,Zerrissene Selbstreflexion
1,"rave, körperliche bewegung, tanzmusik, elektronischen, manifestierter aufruf",446,2015-2019,Kollektiver Tanzrausch
2,"regen steht, regnerischen, let rain, rain monolog, rainy day",140,2015-2019,Regen als Trauermotiv
3,"weihnachtszeit, merry christmas, weihnachtsfest, claus, santa claus",301,2015-2019,Weihnachtslieder
4,"bissiger, konsumgesellschaft, bissiger kommentar, instagram, social media",336,2015-2019,Konsumkritik
5,"drogenhandel, illegalen, krimineller, gucci, benz",2628,2015-2019,"Luxus, Gewalt, Kriminalität"
6,"motors, mustang, fahrrad, driver, beep",188,2015-2019,Autofahren als Freiheitsmotiv
7,"überschwängliches, liebe allumfassende, liebesmanifest, leidenschaftliches bekenntnis, sinn verleiht",614,2015-2019,Ewige Liebesbindung
8,"eisenbahn, choo, zugfahrt, lokomotive, love train",66,2015-2019,Der Zug als Metapher für das Voranschreiten
9,"inneres gefängnis, selbstzerstörung verzweifelten, monsters, ringen selbstzweifeln, selbstzweifeln wunsch",884,2015-2019,Zerrissene Psyche
10,"gläubigen, christlicher, christlichen, vertrauen göttliche, christus",111,2015-2019,Göttliche Gegenwart
11,"wobei feuer, feuers steht, fire entfaltet, wildfire, spiel feuer",199,2015-2019,Feuer als Motiv der Leidenschaft
12,"schutzengel, angel eyes, guardian angel, wobei engel, guardian",46,2015-2019,Engelsmotive
13,"düsteres panorama, bevölkerung, babylon, eindringlicher protest, volk",533,2015-2019,Gesellschaftskritik und Krieg
14,"sommerliebe, blue moon, luna, sommernacht, mond steht",101,2015-2019,Mondmotive und Liebe
15,"jah, manifestes, gemeinsames handeln, kollektive gewissen, kollektives erwachen",384,2015-2019,Solidarität und Kollektivität
16,"segelns, kapitän, maritime, schiffes, segel",228,2015-2019,Motive des Meeres
17,"zuhause ort, heimweh, going home, wahre zuhause, like home",262,2015-2019,Heimat und Zugehörigkeit
18,"innenleben sehnsucht, ex partners, beziehung einst, zerrissene innenleben, ringen wunsch",1899,2015-2019,Unerwiderte Liebe
19,"vermittelt optimistische, manifestes, manifestierter aufruf, kraftvolles manifest, durchhaltewillen",935,2015-2019,Selbstermächtigung und Resilienz
20,"deutschen rap, rap szene, rappers, machtdemonstration, rap business",723,2015-2019,Aggressive Selbstinszenierung
21,"bethlehem, hirten, christi, noel, neugeborenen",37,2015-2019,Christlicher Glaube
22,"beziehung liebe, berauschend zerstörerisch, beziehung verlangen, addicted, beziehung berauschend",628,2015-2019,Toxische Liebesabhängigkeit
23,"kaliforniens, kalifornischen, südens, mississippi, kansas",47,2015-2019,Sehnsucht nach Amerika
24,"ex partners, befreiung toxischen, ringen wunsch, selbstbefreiungs, selbstbehauptungs",457,2015-2019,Befreiung aus toxischer Beziehung
25,"adler, nachtigall, ikarus, adlers, laterne",301,2015-2019,Fliegen als Freiheitsmotiv 
26,"entfaltet liebe, überschwängliches, entfaltet poetisches, venus, begegnung geliebten",402,2015-2019,Liebe als Transzendentes
27,"väterlicher, emotionales tribut, mutter kind, emotionales bekenntnis, mütterliche liebe",152,2015-2019,Eltern‑Kind Bindung
28,"black coffee, red wine, schluck, kneipe, weins",68,2015-2019,Alkohol und Einsamkeit
29,"torheit, paradoxes beziehungsgeflecht, dysfunktionalen, beziehungsgeflecht liebe, lie lie",104,2015-2019,Naivität in der Liebe
30,"ring ring, khalid, laurie, telefons, back baby",128,2015-2019,Das Telefon als Sehnsuchtsmotiv
31,"jugendlicher verliebtheit, jugendlicher leidenschaft, vermittelt jugendlicher, liebesmanifest, sehnsucht unsicherheit",446,2015-2019,Jugendliche Liebesballade
32,"rückblick unbeschwerte, were young, peter pan, pan, melancholischer rückblick",247,2015-2019,Nostalgie der Jugend
33,"let snow, frightful, schnees, nutzt winterliche, delightful",59,2015-2019,Winter als Liebesmetapher
34,"sandmann, go sleep, slumbers, zärtliches wiegenlied, nächtliches wiegenlied",18,2015-2019,Schlaflieder
35,"online, algorithmen, bildschirmen, bildschirme, daten",643,2015-2019,Technokratische Dystopie und Systemkritik
36,"goldes, goldmine, gold steht, herz gold, fool gold",62,2015-2019,Edelsteine als Motiv für Beständigkeit
37,"snoop, dogg, snoop dogg, west coast, wayne",89,2015-2019,Westküsten‑Gangsta‑Identität
38,"roulette, kartenspiels, gambler, glücksspiels, kartenspiel",52,2015-2019,Glücksspiel als Metapher für das Leben
39,"america, amerikanischen traums, american dream, ashes, america beautiful",84,2015-2019,Amerikanische Identität und Kolonialismus
40,"stand by, bekenntnis bedingungsloser, intimes bekenntnis, bedingungsloser unterstützung, zärtliches bekenntnis",330,2015-2019,Bedingungslose Unterstützung in Beziehungen
41,"hoo doo, blues genre, blues musikalisches, musikalisches genre, had blues",18,2015-2019,Blues als Ausdruck von Schmerz
42,"cowboys, pferde, wild horses, john wayne, outlaws",42,2015-2019,Amerikanischer Western‑Mythos
43,"autumn, autumn leaves, herbstes, laubs, frühjahr",117,2015-2019,Jahreszeiten als Motiv des Wandels
44,"kollegah, unantastbarer, kollegahs, kollegah positioniert, unantastbaren",76,2015-2019,"Inszenierung von Macht, Luxus und Gewalt"
45,"wobei wasser, waterfall, fluss steht, holy water, wunsch fluss",144,2015-2019,Wasser als Motiv
46,"körperliche verlangen, unmittelbarer körperlicher, dating, erotische, spiel verlangen",342,2015-2019,Begierde und körperliche Verführung
47,"bushido, bushido positioniert, unantastbarer, sonny, bushidos",40,2015-2019,Unantastbare Rap‑Identität
48,"los los, broadway, brooklyn, skyline, detroit",116,2015-2019,Urbanes Stadtporträt
49,"indigo, farbe blau, no sunshine, black blue, blau steht",55,2015-2019,Blau als Symbol der Melancholie
50,"runaway, run run, runaways, ground running, weiterlaufen",389,2015-2019,Flucht als Motiv der Bewältigung
51,"alien, paradieses, raumschiff, astronauten, weltraums",135,2015-2019,Eskapismus: Die Flucht in Reise- und Sehnsuchtsorte
53,"nicki, minaj, eminems, nicki minaj, eminem",119,2015-2019,Hip‑Hop Machtdemonstration
54,"samy, deluxe, samy deluxe, samys, deluxe positioniert",33,2015-2019,Selbstinszenierung im Rap und Szenekritik
55,"hollywoods, sicario, unterhaltungsindustrie, krokodil, chemie",25,2015-2019,"Glamour, Ruhm, Illusion"
56,"silent night, holy night, weihnachtsbotschaft, heavenly peace, sleep heavenly",14,2015-2019,Weihnachten und Gott
57,"zappa, deichkind, partyszene, 257ers, exzessiven",548,2015-2019,Satirische Gesellschaftskritik
58,"everglow, iris, ramblin, thorns, bramble",44,2015-2019,Natur als Liebesmetapher
59,"erwartungen genügen, masquerade, vivian, verletzlichkeit verbergen, bulletproof",186,2015-2019,Symbol der Verstellung und Schutzmechanismen
60,"cold outside, baby cold, eiskalt, really can, pneumonia",88,2015-2019,Die Metaphorik der Kälte als emotionale Distanz
61,"farid, ufo361, farid bang, fler, kurdo",213,2015-2019,Deutschrap Battle‑Provokation
62,"schmetterlings, schmetterling, schmetterlinge, nutzt schmetterlings, got day",15,2015-2019,Schmetterlingsmetaphorik über Wandel und neue Freiheit
63,"nas, compton, niggas, kendrick, dre",88,2015-2019,Straßenleben und Gewalt
64,"white christmas, jingle, sleigh, schnees, weihnachtszeit",35,2015-2019,Weihnachten und Winter
65,"eko, eko fresh, hartz, fresh nutzt, deutschen rap",26,2015-2019,Selbstinszenierung im Rap
-1,"zahlen zahlen, gig, doja, polo, laut laut",6061,2020-2024,Rauschen
0,"monolog sehnsucht, monolog zerrissenheit, monolog sprecherin, monolog verlangen, entfaltet monolog",2044,2020-2024,Zerrissene Selbstreflexion
1,"rave, körperliche bewegung, elektronischen, tanzkultur, scooter",329,2020-2024,Kollektiver Tanzrausch
2,"regen steht, nutzt regens, äußere wetter, let rain, prasseln",169,2020-2024,Regen als Trauermotiv
3,"weihnachtszeit, merry christmas, weihnachtsfest, weihnachtsmann, mistelzweig",371,2020-2024,Weihnachtslieder
4,"reezy, konsumgesellschaft, satirisches, konsumenten, instagram",299,2020-2024,Konsumkritik
5,"drogenhandel, illegalen, benz, krimineller, rappers",2779,2020-2024,"Luxus, Gewalt, Kriminalität"
6,"motors, driver, fahrzeugs, autofahrt, chevrolet",157,2020-2024,Autofahren als Freiheitsmotiv
7,"liebesmanifest, überschwängliches, intimes bekenntnis, liebe allumfassende, leidenschaftliches bekenntnis",601,2020-2024,Ewige Liebesbindung
8,"zugfahrt, choo, magic bus, midnight train, eisenbahn",31,2020-2024,Der Zug als Metapher für das Voranschreiten
9,"inneres gefängnis, selbstzerstörung verzweifelten, dämon, wunsch rettung, selbstverletzung",804,2020-2024,Zerrissene Psyche
10,"gläubigen, christlicher, vertrauen göttliche, christlichen, christus",69,2020-2024,Göttliche Gegenwart
11,"waldbrand, fiebers, steht intensive, feuer eis, inferno",148,2020-2024,Feuer als Motiv der Leidenschaft
12,"angel eyes, engel flügel, angel entfaltet, engel steht, melek",46,2020-2024,Engelsmotive
13,"bevölkerung, ökologischen, düsteres panorama, eindringlicher protest, umweltzerstörung",441,2020-2024,Gesellschaftskritik und Krieg
14,"venedig, mondlichts, summertime, sommerromanze, blue moon",111,2020-2024,Mondmotive und Liebe
15,"gemeinsames handeln, jah, gentleman, kollektives erwachen, kollektive gewissen",389,2020-2024,Solidarität und Kollektivität
16,"segelns, maritime, atlantis, segel, kapitän",228,2020-2024,Motive des Meeres
17,"zuhaus, wort home, zuhause ort, wahre zuhause, heimweh",186,2020-2024,Heimat und Zugehörigkeit
18,"ex partners, innenleben sehnsucht, sehnsucht selbstschutz, zerrissene innenleben, selbstvorwurf",1941,2020-2024,Unerwiderte Liebe
19,"manifestierter aufruf, manifestes, vermittelt optimistische, achtsamkeit, durchhaltewillen",791,2020-2024,Selbstermächtigung und Resilienz
20,"deutschen rap, ferris, rap szene, pa sports, rappers",361,2020-2024,Aggressive Selbstinszenierung
21,"bethlehem, hirten, christi, geburt jesu, gloria",32,2020-2024,Christlicher Glaube
22,"verführerin, verlangen selbstzerstörung, beziehung liebe, berauschend zerstörerisch, toxischer",636,2020-2024,Toxische Liebesabhängigkeit
23,"kaliforniens, kalifornischen, kalifornische, louisiana, südstaaten",36,2020-2024,Sehnsucht nach Amerika
24,"ex partners, kraftvolles bekenntnis, selbstbehauptungs, befreiung toxischen, erdrückenden beziehung",552,2020-2024,Befreiung aus toxischer Beziehung
25,"adler, blackbird, flieg, weiße taube, adlers",225,2020-2024,Fliegen als Freiheitsmotiv 
26,"entfaltet liebe, venus, überschwängliches, liebesmanifest, entfaltet poetisches",381,2020-2024,Liebe als Transzendentes
27,"tick, tock, mütterliche liebe, vater sohn, tick tock",120,2020-2024,Eltern‑Kind Bindung
28,"kneipe, nancy, alcohol, trink, lilac",90,2020-2024,Alkohol und Einsamkeit
29,"fool gold, lil tjay, tjay, fool love, ava",87,2020-2024,Naivität in der Liebe
30,"khalid, call name, festnetz, telefons, telefonieren",131,2020-2024,Das Telefon als Sehnsuchtsmotiv
31,"jugendlicher verliebtheit, liebesmanifest, jugendlicher leidenschaft, jugendlicher unsicherheit, moderner liebes",373,2020-2024,Jugendliche Liebesballade
32,"abenteuerland, forever young, rückblick unbeschwerte, melancholischer rückblick, nachdenklicher rückblick",232,2020-2024,Nostalgie der Jugend
33,"let snow, nutzt winterliche, schnees, äußere kälte, november",53,2020-2024,Winter als Liebesmetapher
34,"enter, sandman, sandmann, kind schlaf, under bed",18,2020-2024,Schlaflieder
35,"online, algorithmen, daten, bildschirme, pandemie",581,2020-2024,Technokratische Dystopie und Systemkritik
36,"goldes, gold steht, alchemie, funkeln, diamonds are",57,2020-2024,Edelsteine als Motiv für Beständigkeit
37,"snoop, dogg, snoop dogg, west coast, wayne",85,2020-2024,Westküsten‑Gangsta‑Identität
38,"joker, roulette, kartenspiels, dice, kartenspiel",49,2020-2024,Glücksspiel als Metapher für das Leben
39,"america, american dream, amerikanischen traums, nationaler, bruce",75,2020-2024,Amerikanische Identität und Kolonialismus
40,"intimes bekenntnis, bekenntnis bedingungsloser, zärtliches bekenntnis, bedingungsloser unterstützung, verlässlicher anker",364,2020-2024,Bedingungslose Unterstützung in Beziehungen
41,"flags fly, fly at, half mast, at half, hard hearted",9,2020-2024,Blues als Ausdruck von Schmerz
42,"cowboys, pferde, pferden, highway 61, 61",31,2020-2024,Amerikanischer Western‑Mythos
43,"autumn, herbstes, november, sanduhr, august",113,2020-2024,Jahreszeiten als Motiv des Wandels
44,"kollegah, kollegah positioniert, unantastbarer, kollegahs, unantastbaren",91,2020-2024,"Inszenierung von Macht, Luxus und Gewalt"
45,"ertrinkens, fluss steht, gewässer, nutzt wassers, wobei wasser",139,2020-2024,Wasser als Motiv
46,"körperliche anziehung, körperliche verlangen, lambert, körperlicher anziehung, usher",237,2020-2024,Begierde und körperliche Verführung
47,"bushido, bushido positioniert, bushidos, unantastbarer, sonny",35,2020-2024,Unantastbare Rap‑Identität
48,"los los, broadway, skyline, wien, detroit",114,2020-2024,Urbanes Stadtporträt
49,"farbe blau, indigo, blau steht, blue inneres, shade blue",59,2020-2024,Blau als Symbol der Melancholie
50,"runaway, run run, running away, alice, pandemie",366,2020-2024,Flucht als Motiv der Bewältigung
51,"alien, astronaut, spaceman, paradieses, astronauten",129,2020-2024,Eskapismus: Die Flucht in Reise- und Sehnsuchtsorte
52,"transportiert ve, four anschließende, roher impuls, improvisiertes ständchen, ständchen tiefere",1,2020-2024,"Funk, Soul und Tanzkultur"
53,"megan, megan thee, uzi, thee stallion, stallion",256,2020-2024,Hip‑Hop Machtdemonstration
54,"samy, deluxe, samy deluxe, samys, boom bap",21,2020-2024,Selbstinszenierung im Rap und Szenekritik
55,"hollywoods, couch, jacky, hollywood hills, maracuja",35,2020-2024,"Glamour, Ruhm, Illusion"
56,"silent night, holy night, heavenly peace, sleep heavenly, weihnachtsbotschaft",16,2020-2024,Weihnachten und Gott
57,"zappa, krasavice, exzessiven, partyszene, katja",584,2020-2024,Satirische Gesellschaftskritik
58,"schwarzen rosen, bouquet, marigolds, weiße rose, blüht",50,2020-2024,Natur als Liebesmetapher
59,"halsey, täters, erwartungen genügen, selbstsabotage, masquerade",227,2020-2024,Symbol der Verstellung und Schutzmechanismen
60,"frostigen, cold outside, emotionaler erstarrung, baby cold, eiszeit",100,2020-2024,Die Metaphorik der Kälte als emotionale Distanz
61,"farid, farid bang, ufo361, fler, kurdo",194,2020-2024,Deutschrap Battle‑Provokation
62,"schmetterlings, schmetterlinge, schmetterling, schmetterling steht, flattern",26,2020-2024,Schmetterlingsmetaphorik über Wandel und neue Freiheit
63,"nas, nas positioniert, niggas, nas nutzt, community",102,2020-2024,Straßenleben und Gewalt
64,"jingle, white christmas, sleigh, jingle bells, one horse",46,2020-2024,Weihnachten und Winter
65,"eko, eko fresh, savas, freezy, deutschen rap",15,2020-2024,Selbstinszenierung im Rap
