Source,Target,Type,Weight
4,57,Undirected,6721
15,35,Undirected,347
18,30,Undirected,6153
39,48,Undirected,9
5,57,Undirected,717
0,50,Undirected,14006
16,45,Undirected,5125
19,35,Undirected,639
5,20,Undirected,7628
17,50,Undirected,2138
24,30,Undirected,201
30,31,Undirected,1279
1,46,Undirected,2248
1,52,Undirected,6454
15,19,Undirected,9618
31,46,Undirected,5829
1,32,Undirected,360
22,46,Undirected,2061
1,57,Undirected,2023
20,53,Undirected,850
27,50,Undirected,974
11,22,Undirected,4203
18,24,Undirected,15984
3,64,Undirected,2999
7,31,Undirected,6767
7,40,Undirected,8991
10,19,Undirected,703
58,60,Undirected,498
7,26,Undirected,5546
16,25,Undirected,1027
26,62,Undirected,15
14,51,Undirected,716
17,43,Undirected,177
13,36,Undirected,313
19,32,Undirected,1634
36,51,Undirected,589
22,31,Undirected,1869
22,29,Undirected,1137
21,56,Undirected,1113
27,35,Undirected,1211
4,35,Undirected,2009
9,50,Undirected,7318
18,60,Undirected,3060
17,18,Undirected,48
28,50,Undirected,1659
32,51,Undirected,969
17,48,Undirected,850
55,57,Undirected,226
28,55,Undirected,99
27,32,Undirected,2687
17,32,Undirected,1235
33,60,Undirected,1175
6,55,Undirected,590
18,22,Undirected,1380
2,33,Undirected,960
5,63,Undirected,1925
32,48,Undirected,212
6,32,Undirected,721
6,48,Undirected,1549
24,59,Undirected,1056
42,48,Undirected,2150
18,29,Undirected,4154
35,39,Undirected,3238
18,40,Undirected,1149
0,18,Undirected,3046
25,62,Undirected,1218
9,59,Undirected,5250
13,39,Undirected,830
35,57,Undirected,1342
39,42,Undirected,989
14,26,Undirected,2258
13,28,Undirected,123
10,15,Undirected,1630
14,34,Undirected,331
35,55,Undirected,196
17,28,Undirected,287
13,19,Undirected,77
13,35,Undirected,3709
15,32,Undirected,186
13,15,Undirected,4097
19,27,Undirected,833
16,17,Undirected,790
0,9,Undirected,2063
10,36,Undirected,291
11,36,Undirected,929
38,46,Undirected,642
45,50,Undirected,21
25,51,Undirected,2021
8,17,Undirected,1829
6,50,Undirected,27
9,28,Undirected,607
9,22,Undirected,302
41,49,Undirected,1360
27,28,Undirected,131
7,11,Undirected,144
28,46,Undirected,76
9,13,Undirected,1290
20,61,Undirected,1156
38,59,Undirected,747
6,42,Undirected,599
4,38,Undirected,242
19,25,Undirected,98
35,50,Undirected,457
22,59,Undirected,689
1,19,Undirected,28
17,60,Undirected,42
18,31,Undirected,387
22,38,Undirected,1864
9,24,Undirected,233
33,43,Undirected,708
26,40,Undirected,1120
2,45,Undirected,1214
9,18,Undirected,415
18,28,Undirected,170
32,46,Undirected,183
12,25,Undirected,770
22,28,Undirected,337
53,57,Undirected,403
5,53,Undirected,451
48,51,Undirected,106
6,39,Undirected,480
26,51,Undirected,464
32,36,Undirected,174
2,43,Undirected,534
49,60,Undirected,331
9,19,Undirected,607
25,32,Undirected,433
61,65,Undirected,261
22,30,Undirected,234
10,12,Undirected,174
39,57,Undirected,126
57,63,Undirected,113
28,35,Undirected,304
37,53,Undirected,1812
39,55,Undirected,239
20,63,Undirected,186
23,48,Undirected,1426
4,46,Undirected,366
26,32,Undirected,315
17,49,Undirected,250
15,25,Undirected,103
32,50,Undirected,599
14,43,Undirected,844
18,49,Undirected,1152
43,58,Undirected,1576
18,43,Undirected,107
9,36,Undirected,577
12,26,Undirected,589
9,45,Undirected,122
19,50,Undirected,365
28,32,Undirected,270
36,50,Undirected,8
13,50,Undirected,431
31,40,Undirected,258
24,29,Undirected,675
48,50,Undirected,78
28,59,Undirected,193
10,25,Undirected,1094
25,26,Undirected,370
0,24,Undirected,224
28,30,Undirected,216
28,49,Undirected,42
26,58,Undirected,604
30,40,Undirected,111
17,45,Undirected,55
9,60,Undirected,572
9,11,Undirected,77
43,49,Undirected,30
18,58,Undirected,445
5,37,Undirected,220
53,63,Undirected,167
49,58,Undirected,53
19,40,Undirected,299
1,6,Undirected,238
32,39,Undirected,38
33,58,Undirected,405
4,5,Undirected,149
28,48,Undirected,309
32,43,Undirected,32
11,60,Undirected,107
26,36,Undirected,148
48,55,Undirected,73
11,46,Undirected,109
32,40,Undirected,105
46,57,Undirected,111
22,24,Undirected,331
16,51,Undirected,650
16,32,Undirected,70
9,40,Undirected,35
36,40,Undirected,13
25,45,Undirected,127
36,39,Undirected,7
8,48,Undirected,307
36,46,Undirected,59
7,18,Undirected,242
2,17,Undirected,22
19,36,Undirected,78
0,2,Undirected,39
20,65,Undirected,146
54,65,Undirected,185
26,43,Undirected,180
25,36,Undirected,59
23,42,Undirected,290
35,59,Undirected,135
34,51,Undirected,197
17,51,Undirected,19
16,43,Undirected,166
13,16,Undirected,53
36,58,Undirected,47
11,28,Undirected,22
51,58,Undirected,20
46,55,Undirected,8
1,55,Undirected,56
28,38,Undirected,185
28,36,Undirected,158
27,59,Undirected,97
32,34,Undirected,251
12,45,Undirected,19
30,32,Undirected,122
12,36,Undirected,110
27,40,Undirected,18
3,56,Undirected,121
9,25,Undirected,2
14,58,Undirected,93
11,58,Undirected,45
37,57,Undirected,6
28,41,Undirected,102
24,31,Undirected,29
23,51,Undirected,102
43,62,Undirected,20
14,32,Undirected,51
34,62,Undirected,32
16,48,Undirected,22
10,26,Undirected,61
13,45,Undirected,21
19,59,Undirected,146
27,46,Undirected,50
6,28,Undirected,16
9,35,Undirected,51
18,50,Undirected,37
7,58,Undirected,49
10,51,Undirected,3
32,35,Undirected,35
43,51,Undirected,61
6,35,Undirected,91
10,40,Undirected,25
24,40,Undirected,82
44,61,Undirected,353
35,38,Undirected,25
37,44,Undirected,18
9,49,Undirected,16
9,10,Undirected,22
4,55,Undirected,113
31,32,Undirected,69
26,34,Undirected,85
25,50,Undirected,1
25,34,Undirected,142
25,43,Undirected,128
24,27,Undirected,13
10,13,Undirected,90
2,12,Undirected,19
11,40,Undirected,15
18,32,Undirected,31
7,22,Undirected,9
16,36,Undirected,44
22,36,Undirected,3
33,49,Undirected,31
17,41,Undirected,25
13,32,Undirected,11
28,58,Undirected,7
18,26,Undirected,9
47,54,Undirected,24
30,59,Undirected,9
36,45,Undirected,24
2,60,Undirected,99
27,30,Undirected,76
13,63,Undirected,20
31,52,Undirected,28
36,60,Undirected,65
21,63,Undirected,14
11,31,Undirected,19
18,41,Undirected,43
15,36,Undirected,29
0,17,Undirected,28
14,17,Undirected,7
11,18,Undirected,16
8,23,Undirected,69
12,51,Undirected,19
16,50,Undirected,23
32,58,Undirected,26
1,15,Undirected,59
5,55,Undirected,22
16,60,Undirected,1
15,39,Undirected,44
8,42,Undirected,7
11,38,Undirected,13
19,22,Undirected,3
2,9,Undirected,14
6,23,Undirected,5
7,30,Undirected,41
16,42,Undirected,7
13,42,Undirected,31
43,60,Undirected,13
15,51,Undirected,13
28,60,Undirected,19
6,27,Undirected,8
1,39,Undirected,19
46,51,Undirected,3
9,17,Undirected,16
11,26,Undirected,10
47,65,Undirected,204
7,32,Undirected,5
42,50,Undirected,21
1,27,Undirected,2
7,36,Undirected,1
30,46,Undirected,22
43,45,Undirected,12
32,42,Undirected,15
10,45,Undirected,6
28,39,Undirected,15
17,34,Undirected,1
45,60,Undirected,11
15,57,Undirected,9
13,55,Undirected,6
37,63,Undirected,20
9,32,Undirected,2
39,50,Undirected,11
1,36,Undirected,2
29,31,Undirected,1
22,32,Undirected,1
27,31,Undirected,5
19,57,Undirected,10
6,57,Undirected,2
26,31,Undirected,14
18,59,Undirected,9
2,18,Undirected,3
35,36,Undirected,1
5,65,Undirected,98
0,60,Undirected,1
19,26,Undirected,15
1,35,Undirected,6
16,23,Undirected,12
3,21,Undirected,3
17,33,Undirected,4
9,27,Undirected,3
40,58,Undirected,3
5,61,Undirected,136
26,30,Undirected,3
31,36,Undirected,1
4,28,Undirected,3
14,25,Undirected,4
12,58,Undirected,3
49,51,Undirected,1
2,25,Undirected,1
19,46,Undirected,5
19,38,Undirected,2
22,40,Undirected,4
40,50,Undirected,1
9,26,Undirected,1
36,42,Undirected,1
0,49,Undirected,5
9,16,Undirected,5
40,43,Undirected,1
40,60,Undirected,2
12,62,Undirected,5
36,48,Undirected,1
50,59,Undirected,12
22,60,Undirected,5
4,39,Undirected,2
30,58,Undirected,1
0,30,Undirected,1
17,42,Undirected,1
44,47,Undirected,19
38,57,Undirected,1
17,30,Undirected,2
30,50,Undirected,2
12,43,Undirected,3
24,50,Undirected,3
9,38,Undirected,6
9,30,Undirected,1
20,37,Undirected,1
35,46,Undirected,3
9,43,Undirected,2
22,27,Undirected,1
19,24,Undirected,1
8,50,Undirected,1
19,31,Undirected,2
29,30,Undirected,1
49,50,Undirected,2
33,45,Undirected,2
23,32,Undirected,1
36,43,Undirected,1
16,33,Undirected,1
11,19,Undirected,1
18,27,Undirected,1
12,60,Undirected,1
